day,event,source_pdf,source_page,team,competitor_no,name,name_truncated_in_pdf,category,first_bout,first_corner,bout_2,corner_2,bout_3,corner_3,bout_4,corner_4,bout_5,corner_5
1,KYORUGI CLASS B,Day1/KYORUGI CLASS B TM LIST.pdf,1,ACTION TAEKWONDO R.A TEAM,026,MUHAMMAD HAZEEM MIFZAL BIN MOH...,yes,12 - 14 MFLY,E67,B,E64,R,,,,,,
1,KYORUGI CLASS B,Day1/KYORUGI CLASS B TM LIST.pdf,1,ACTION TAEKWONDO R.A TEAM,114,Hud Mikhail Bin Khairil,no,9 - 11 MFEATHER3,E40,R,E36,R,,,,,,
1,KYORUGI CLASS B,Day1/KYORUGI CLASS B TM LIST.pdf,1,ACTION TAEKWONDO R.A TEAM,129,Shahme Arfan Bin Shazaeirme,no,9 - 11 MFIN,E06,B,E01,B,,,,,,
1,KYORUGI CLASS B,Day1/KYORUGI CLASS B TM LIST.pdf,1,ACTION TAEKWONDO R.A TEAM,131,Jebat Naufal Bin Jisham,no,9 - 11 MFIN,E06,R,,,,,,,,
1,KYORUGI CLASS B,Day1/KYORUGI CLASS B TM LIST.pdf,1,ACTION TAEKWONDO R.A TEAM,266,Shasmin Ayraa Binti Shazaeirme,no,12 - 14 FLIGHT2,G77,R,G73,R,,,,,,
1,KYORUGI CLASS B,Day1/KYORUGI CLASS B TM LIST.pdf,1,ACTION TAEKWONDO R.A TEAM,392,Maisha binti Muinuddin,no,9 - 11 FLIGHT2,F31,B,F26,R,,,,,,
1,KYORUGI CLASS B,Day1/KYORUGI CLASS B TM LIST.pdf,2,BEAUFORT TEAKWONDO CLUB,043,AHMAD FITRI BIN MOHD FAUZI,no,12 - 14 MLIGHT,H41,B,H37,R,,,,,,
1,KYORUGI CLASS B,Day1/KYORUGI CLASS B TM LIST.pdf,2,BEAUFORT TEAKWONDO CLUB,069,MUHAMMAD FASHLA MUZAFAR BIN SYA...,yes,15 - 17 MFIN,H72,B,,,,,,,,
1,KYORUGI CLASS B,Day1/KYORUGI CLASS B TM LIST.pdf,2,BEAUFORT TEAKWONDO CLUB,083,ABDUL YAHYA BIN JUSIDI,no,31 - 40 MBANTAM,H78,B,H74,B,,,,,,
1,KYORUGI CLASS B,Day1/KYORUGI CLASS B TM LIST.pdf,2,BEAUFORT TEAKWONDO CLUB,168,LINCOLN LEONARD,no,9 - 11 MHEAVY5,G64,B,G60,R,,,,,,
1,KYORUGI CLASS B,Day1/KYORUGI CLASS B TM LIST.pdf,2,BEAUFORT TEAKWONDO CLUB,271,NURIN AUDRA KHALISYAH BINTI MONO...,yes,12 - 14 FLIGHT4,H04,B,H01,R,,,,,,
1,KYORUGI CLASS B,Day1/KYORUGI CLASS B TM LIST.pdf,3,BRAVO TAEKWONDO CLUB PENANG,244,AFSHAN BINTI NUR SYAFEEQ,no,12 - 14 FFEATHER5,F81,B,F78,B,,,,,,
1,KYORUGI CLASS B,Day1/KYORUGI CLASS B TM LIST.pdf,3,BRAVO TAEKWONDO CLUB PENANG,384,NUR NAYLI SANIYYA BINTI MOHD NAZRI,no,9 - 11 FHEAVY7,G31,B,G28,B,,,,,,
1,KYORUGI CLASS B,Day1/KYORUGI CLASS B TM LIST.pdf,3,BRAVO TAEKWONDO CLUB PENANG,422,ALYA KHADEEJA BINTI MOHD REDZUAN,no,9 - 11 FMIDDLE5,G15,B,G11,R,,,,,,
1,KYORUGI CLASS B,Day1/KYORUGI CLASS B TM LIST.pdf,3,BRAVO TAEKWONDO CLUB PENANG,435,NURUL HANNAN RANIA BINTI MUHAMM...,yes,9 - 11 FWELTER,F41,B,F37,R,,,,,,
1,KYORUGI CLASS B,Day1/KYORUGI CLASS B TM LIST.pdf,4,BTFC Taekwondo Club,407,AARYA AYNA BINTI ARMIN BANIAZ,no,9 - 11 FMIDDLE,G07,R,G02,R,,,,,,
1,KYORUGI CLASS B,Day1/KYORUGI CLASS B TM LIST.pdf,5,CHANGLUN STAR,079,DARSHAN,no,15 - 17 MLIGHT HEAVY,H64,R,,,,,,,,
1,KYORUGI CLASS B,Day1/KYORUGI CLASS B TM LIST.pdf,6,Club Taekwondo Roza,318,Nur Qaseh Farisya Binti Ahmad Farhi,no,15 - 17 FFLY,H70,R,H68,R,,,,,,
1,KYORUGI CLASS B,Day1/KYORUGI CLASS B TM LIST.pdf,7,DS TAE KWON DO CLUB,125,MUHAMMAD HARRAZ NAUFAL BIN KAM...,yes,9 - 11 MFEATHER6,E49,R,E45,R,,,,,,
1,KYORUGI CLASS B,Day1/KYORUGI CLASS B TM LIST.pdf,7,DS TAE KWON DO CLUB,189,AFEEQ ISKANDAR BIN MOHD YUSRA,no,9 - 11 MLIGHT4,E58,B,E54,R,,,,,,
1,KYORUGI CLASS B,Day1/KYORUGI CLASS B TM LIST.pdf,7,DS TAE KWON DO CLUB,284,ADELEA ZARA BINTI KAMSANI (RED 1),no,12 - 14 FLIGHT MIDDLE,H20,R,H16,R,,,,,,
1,KYORUGI CLASS B,Day1/KYORUGI CLASS B TM LIST.pdf,7,DS TAE KWON DO CLUB,317,AQEELA BINTI AZRUL IBAWANA,no,15 - 17 FFIN,H69,R,,,,,,,,
1,KYORUGI CLASS B,Day1/KYORUGI CLASS B TM LIST.pdf,7,DS TAE KWON DO CLUB,337,NUR WARDA SOFIA BINTI AMRI,no,9 - 11 FBANTAM3,F15,R,,,,,,,,
1,KYORUGI CLASS B,Day1/KYORUGI CLASS B TM LIST.pdf,8,DS TAEKWONDO CLUB (SOLEHAH),057,MUHAMMAD ANAS ZIKRULLAH BIN MOH...,yes,12 - 14 MMIDDLE,H54,R,H52,R,,,,,,
1,KYORUGI CLASS B,Day1/KYORUGI CLASS B TM LIST.pdf,8,DS TAEKWONDO CLUB (SOLEHAH),082,AHMAD DANNY HAZIQ BIN ABDULLAH,no,15 - 17 MMIDDLE,H63,B,H58,R,,,,,,
1,KYORUGI CLASS B,Day1/KYORUGI CLASS B TM LIST.pdf,8,DS TAEKWONDO CLUB (SOLEHAH),098,ISBULLAH FASHIH BIN ISMAIL,no,9 - 11 MBANTAM4,E30,B,E24,B,,,,,,
1,KYORUGI CLASS B,Day1/KYORUGI CLASS B TM LIST.pdf,8,DS TAEKWONDO CLUB (SOLEHAH),120,AISAR FAYYADH BIN AIMAN SYAHIR,no,9 - 11 MFEATHER4,E41,R,E38,R,,,,,,
1,KYORUGI CLASS B,Day1/KYORUGI CLASS B TM LIST.pdf,8,DS TAEKWONDO CLUB (SOLEHAH),141,MUHAMMAD AMSYAR MUZAFFAR BIN A...,yes,9 - 11 MFLY3,E12,R,,,,,,,,
1,KYORUGI CLASS B,Day1/KYORUGI CLASS B TM LIST.pdf,8,DS TAEKWONDO CLUB (SOLEHAH),169,MUHAMMAD AIDAN UMAR BIN MOHAMM...,yes,9 - 11 MHEAVY6,G65,B,G62,B,,,,,,
1,KYORUGI CLASS B,Day1/KYORUGI CLASS B TM LIST.pdf,8,DS TAEKWONDO CLUB (SOLEHAH),237,NURUL ANNISA ZAHIRAH BINTI MOHD ...,yes,12 - 14 FFEATHER3,F79,R,F75,B,,,,,,
1,KYORUGI CLASS B,Day1/KYORUGI CLASS B TM LIST.pdf,8,DS TAEKWONDO CLUB (SOLEHAH),255,NUR AQILAH NAFISA BINTI SAAD ABIDIN,no,12 - 14 FHEAVY,H31,R,H26,B,,,,,,
1,KYORUGI CLASS B,Day1/KYORUGI CLASS B TM LIST.pdf,8,DS TAEKWONDO CLUB (SOLEHAH),288,PUTRI AFAF DAMIA BINTI SAIFUL ZANI...,yes,12 - 14 FLIGHT MIDDLE2,H21,B,H17,B,,,,,,
1,KYORUGI CLASS B,Day1/KYORUGI CLASS B TM LIST.pdf,8,DS TAEKWONDO CLUB (SOLEHAH),396,NURUL IMAN BINTI MOHD ROS,no,9 - 11 FLIGHT3,F32,B,F28,B,,,,,,
1,KYORUGI CLASS B,Day1/KYORUGI CLASS B TM LIST.pdf,8,DS TAEKWONDO CLUB (SOLEHAH),397,NURUL ARISSA ZHAFIRAH BINTI MOHD ...,yes,9 - 11 FLIGHT3,F32,R,F29,B,,,,,,
1,KYORUGI CLASS B,Day1/KYORUGI CLASS B TM LIST.pdf,8,DS TAEKWONDO CLUB (SOLEHAH),402,SAFIYYA HUMAIRA BINTI NORHADI,no,9 - 11 FLIGHT5,F40,R,F36,B,,,,,,
1,KYORUGI CLASS B,Day1/KYORUGI CLASS B TM LIST.pdf,8,DS TAEKWONDO CLUB (SOLEHAH),430,NUR IMANI MARDHIYAH BINTI AHMAD ...,yes,9 - 11 FWELTER2,F46,B,F42,R,,,,,,
1,KYORUGI CLASS B,Day1/KYORUGI CLASS B TM LIST.pdf,9,DYNAMIC TAEKWONDO CLUB,090,WAN IZZ DHIA AMR-UKASHAH BIN WA...,yes,9 - 11 MBANTAM2,E22,R,E18,B,,,,,,
1,KYORUGI CLASS B,Day1/KYORUGI CLASS B TM LIST.pdf,9,DYNAMIC TAEKWONDO CLUB,179,MUHAMMAD LUQMAN HAKIM BIN SAMSUR,no,9 - 11 MLIGHT,E50,R,E47,R,,,,,,
1,KYORUGI CLASS B,Day1/KYORUGI CLASS B TM LIST.pdf,9,DYNAMIC TAEKWONDO CLUB,253,AMNI SOFIYYA MOHAMMED NAJIB,no,12 - 14 FHEAVY,H31,R,H26,R,,,,,,
1,KYORUGI CLASS B,Day1/KYORUGI CLASS B TM LIST.pdf,9,DYNAMIC TAEKWONDO CLUB,313,WAN IZZ DHINAZ AAEESHAZENIA BT W...,yes,15 - 17 FFEATHER,H79,B,H75,B,,,,,,
1,KYORUGI CLASS B,Day1/KYORUGI CLASS B TM LIST.pdf,9,DYNAMIC TAEKWONDO CLUB,370,AEGEN BRIANCCA MURUGAN,no,9 - 11 FHEAVY3,G24,B,G19,B,,,,,,
1,KYORUGI CLASS B,Day1/KYORUGI CLASS B TM LIST.pdf,10,Ds Taekwondo (Aqil),027,: MUHAMMAD FAEEQ DANIEALL BIN KH...,yes,12 - 14 MFLY,E67,R,,,,,,,,
1,KYORUGI CLASS B,Day1/KYORUGI CLASS B TM LIST.pdf,10,Ds Taekwondo (Aqil),028,Muhammad Qaleef bin Norhisham,no,12 - 14 MFLY,E67,B,E64,B,,,,,,
1,KYORUGI CLASS B,Day1/KYORUGI CLASS B TM LIST.pdf,10,Ds Taekwondo (Aqil),051,MUHAMMAD LOQMAN HAKIM BIN RUSLAN,no,12 - 14 MLIGHT MIDDLE,H49,B,H44,B,,,,,,
1,KYORUGI CLASS B,Day1/KYORUGI CLASS B TM LIST.pdf,10,Ds Taekwondo (Aqil),066,Hanzalah bin khalis Amali,no,15 - 17 MBANTAM,H80,B,H76,R,,,,,,
1,KYORUGI CLASS B,Day1/KYORUGI CLASS B TM LIST.pdf,10,Ds Taekwondo (Aqil),070,Muhammad putera qolif bin rosmaini,no,15 - 17 MFLY,H73,R,,,,,,,,
1,KYORUGI CLASS B,Day1/KYORUGI CLASS B TM LIST.pdf,10,Ds Taekwondo (Aqil),158,Ahmad ammar bin muhammad ridhwan,no,9 - 11 MHEAVY3,G57,B,G53,B,,,,,,
1,KYORUGI CLASS B,Day1/KYORUGI CLASS B TM LIST.pdf,10,Ds Taekwondo (Aqil),265,Yasmin binti Zainal Zulia,no,12 - 14 FLIGHT2,G77,B,G72,R,,,,,,
1,KYORUGI CLASS B,Day1/KYORUGI CLASS B TM LIST.pdf,10,Ds Taekwondo (Aqil),283,Nur Haziqah Binti Mohd Noorhaslan,no,12 - 14 FLIGHT MIDDLE,H20,B,H15,B,,,,,,
1,KYORUGI CLASS B,Day1/KYORUGI CLASS B TM LIST.pdf,10,Ds Taekwondo (Aqil),301,Nur Dalela binti Sabini,no,12 - 14 FWELTER2,H12,B,H09,R,,,,,,
1,KYORUGI CLASS B,Day1/KYORUGI CLASS B TM LIST.pdf,10,Ds Taekwondo (Aqil),322,Nurhidayatullahi Assolehah Binti Zulhani...,yes,15 - 17 FLIGHT,H61,B,,,,,,,,
1,KYORUGI CLASS B,Day1/KYORUGI CLASS B TM LIST.pdf,10,Ds Taekwondo (Aqil),331,ANNUR BAHEERA DAFIERA BINTI KHAIR...,yes,9 - 11 FBANTAM,F09,B,F05,B,,,,,,
1,KYORUGI CLASS B,Day1/KYORUGI CLASS B TM LIST.pdf,10,Ds Taekwondo (Aqil),356,IMAN NUR KHALISAH BINTI MOHD AMI...,yes,9 - 11 FFLY,F07,B,F01,B,,,,,,
1,KYORUGI CLASS B,Day1/KYORUGI CLASS B TM LIST.pdf,10,Ds Taekwondo (Aqil),393,NUR DINA SYARAFANA BINTI SHAHRUDIN,no,9 - 11 FLIGHT2,F31,R,F27,R,,,,,,
1,KYORUGI CLASS B,Day1/KYORUGI CLASS B TM LIST.pdf,10,Ds Taekwondo (Aqil),421,ANNUR BAHIYA DAFIYA BINTI KHAIRUL ...,yes,9 - 11 FMIDDLE5,G15,R,,,,,,,,
1,KYORUGI CLASS B,Day1/KYORUGI CLASS B TM LIST.pdf,10,Ds Taekwondo (Aqil),423,Miqaila Qismina binti Norhisham,no,9 - 11 FMIDDLE5,G15,B,G11,B,,,,,,
1,KYORUGI CLASS B,Day1/KYORUGI CLASS B TM LIST.pdf,11,Fighter taekwondo club,385,NUR AINUL MARDHIAH BINTI MOHD RA...,yes,9 - 11 FHEAVY7,G31,R,,,,,,,,
1,KYORUGI CLASS B,Day1/KYORUGI CLASS B TM LIST.pdf,12,HYPERTIGER TAEKWONDO CLUB,022,AMMAR FALAH BIN MOHAMMAD ZAMIL,no,12 - 14 MFIN2,E66,R,E63,R,,,,,,
1,KYORUGI CLASS B,Day1/KYORUGI CLASS B TM LIST.pdf,12,HYPERTIGER TAEKWONDO CLUB,036,MUHAMMAD LUQMAN DANIEYAL BIN HA...,yes,12 - 14 MHEAVY,H56,R,,,,,,,,
1,KYORUGI CLASS B,Day1/KYORUGI CLASS B TM LIST.pdf,12,HYPERTIGER TAEKWONDO CLUB,037,THASHVARMEN A/L PUSPANATHAN,no,12 - 14 MHEAVY,H56,B,H53,B,,,,,,
1,KYORUGI CLASS B,Day1/KYORUGI CLASS B TM LIST.pdf,12,HYPERTIGER TAEKWONDO CLUB,077,HARESH VARMER A/L PUSPANATHAN,no,15 - 17 MLIGHT HEAVY,H64,B,H59,R,,,,,,
1,KYORUGI CLASS B,Day1/KYORUGI CLASS B TM LIST.pdf,12,HYPERTIGER TAEKWONDO CLUB,118,MUHAMMAD AYDEN HARRAZ BIN ALFRED,no,9 - 11 MFEATHER4,E41,B,E37,R,,,,,,
1,KYORUGI CLASS B,Day1/KYORUGI CLASS B TM LIST.pdf,12,HYPERTIGER TAEKWONDO CLUB,139,PUTRA ISKANDAR BIN KHAIRUL ANNUAR,no,9 - 11 MFLY2,E08,B,E04,R,,,,,,
1,KYORUGI CLASS B,Day1/KYORUGI CLASS B TM LIST.pdf,12,HYPERTIGER TAEKWONDO CLUB,140,MUHAMMAD PUTERA FIRMAN,no,9 - 11 MFLY3,E12,B,E09,R,,,,,,
1,KYORUGI CLASS B,Day1/KYORUGI CLASS B TM LIST.pdf,12,HYPERTIGER TAEKWONDO CLUB,163,ABU FIRMAN HANIFA BIN ERWAN SYAH,no,9 - 11 MHEAVY4,G63,R,G59,B,,,,,,
1,KYORUGI CLASS B,Day1/KYORUGI CLASS B TM LIST.pdf,12,HYPERTIGER TAEKWONDO CLUB,199,ILHAM IMTIYAZ BIN KHAIRUL AZMAN,no,9 - 11 MMIDDLE2,G47,R,G44,R,,,,,,
1,KYORUGI CLASS B,Day1/KYORUGI CLASS B TM LIST.pdf,12,HYPERTIGER TAEKWONDO CLUB,371,DEVASHENEYA,no,9 - 11 FHEAVY3,G24,R,G20,B,,,,,,
1,KYORUGI CLASS B,Day1/KYORUGI CLASS B TM LIST.pdf,12,HYPERTIGER TAEKWONDO CLUB,428,AYLIN ZAHEEYA BINTI ZA'ABA,no,9 - 11 FWELTER2,F46,R,F43,B,,,,,,
1,KYORUGI CLASS B,Day1/KYORUGI CLASS B TM LIST.pdf,13,KELAB GEMILANG TAEKWONDO TERENGGANU,099,MUHAMMAD AZ ZUBAYR BIN SALMAN,no,9 - 11 MBANTAM4,E30,R,E25,B,,,,,,
1,KYORUGI CLASS B,Day1/KYORUGI CLASS B TM LIST.pdf,13,KELAB GEMILANG TAEKWONDO TERENGGANU,203,ISA UZAYR BIN MOHD AZLAN,no,9 - 11 MMIDDLE3,G48,B,G45,B,,,,,,
1,KYORUGI CLASS B,Day1/KYORUGI CLASS B TM LIST.pdf,13,KELAB GEMILANG TAEKWONDO TERENGGANU,214,MUHAMMAD AL HARITH BIN SALMAN,no,9 - 11 MWELTER3,G40,B,G36,R,,,,,,
1,KYORUGI CLASS B,Day1/KYORUGI CLASS B TM LIST.pdf,14,KELAB TAEKWONDO SPU PENANG,008,MOHAMMAD AMMAR EZZEKIEL,no,12 - 14 MBANTAM3,F57,R,,,,,,,,
1,KYORUGI CLASS B,Day1/KYORUGI CLASS B TM LIST.pdf,14,KELAB TAEKWONDO SPU PENANG,016,MUHAMMAD RAYZIEEL ASFA,no,12 - 14 MFEATHER2,H40,B,H35,R,,,,,,
1,KYORUGI CLASS B,Day1/KYORUGI CLASS B TM LIST.pdf,14,KELAB TAEKWONDO SPU PENANG,030,BASMAN MUTHASHIM,no,12 - 14 MFLY2,F51,R,,,,,,,,
1,KYORUGI CLASS B,Day1/KYORUGI CLASS B TM LIST.pdf,14,KELAB TAEKWONDO SPU PENANG,038,MUHAMMAD ALIF ASYRAAF,no,12 - 14 MHEAVY2,H57,R,,,,,,,,
1,KYORUGI CLASS B,Day1/KYORUGI CLASS B TM LIST.pdf,14,KELAB TAEKWONDO SPU PENANG,045,MUHAMAD SHAFII ARFAN,no,12 - 14 MLIGHT2,H46,B,H42,B,,,,,,
1,KYORUGI CLASS B,Day1/KYORUGI CLASS B TM LIST.pdf,14,KELAB TAEKWONDO SPU PENANG,046,DINEISH,no,12 - 14 MLIGHT2,H46,R,,,,,,,,
1,KYORUGI CLASS B,Day1/KYORUGI CLASS B TM LIST.pdf,14,KELAB TAEKWONDO SPU PENANG,100,MUHAMMAD MUAZ MUKHRIZ,no,9 - 11 MBANTAM4,E30,B,E24,R,,,,,,
1,KYORUGI CLASS B,Day1/KYORUGI CLASS B TM LIST.pdf,14,KELAB TAEKWONDO SPU PENANG,101,MUHAMMAD IZZ FAQIH,no,9 - 11 MBANTAM5,E31,R,E27,R,,,,,,
1,KYORUGI CLASS B,Day1/KYORUGI CLASS B TM LIST.pdf,14,KELAB TAEKWONDO SPU PENANG,102,MUHAMMAD UWAIS NAUFAL,no,9 - 11 MBANTAM5,E31,R,E27,B,,,,,,
1,KYORUGI CLASS B,Day1/KYORUGI CLASS B TM LIST.pdf,14,KELAB TAEKWONDO SPU PENANG,103,MUHD THAQIF FAYYAD,no,9 - 11 MBANTAM5,E31,B,E26,R,,,,,,
1,KYORUGI CLASS B,Day1/KYORUGI CLASS B TM LIST.pdf,14,KELAB TAEKWONDO SPU PENANG,123,AQIL DANISH,no,9 - 11 MFEATHER5,E48,B,E42,R,,,,,,
1,KYORUGI CLASS B,Day1/KYORUGI CLASS B TM LIST.pdf,14,KELAB TAEKWONDO SPU PENANG,124,YASSER ARAFAT,no,9 - 11 MFEATHER5,E48,R,E43,B,,,,,,
1,KYORUGI CLASS B,Day1/KYORUGI CLASS B TM LIST.pdf,14,KELAB TAEKWONDO SPU PENANG,128,MUHAMMAD IDRAQY,no,9 - 11 MFEATHER6,E49,B,E44,R,,,,,,
1,KYORUGI CLASS B,Day1/KYORUGI CLASS B TM LIST.pdf,14,KELAB TAEKWONDO SPU PENANG,145,KAMAL AISY QAISER,no,9 - 11 MFLY4,E13,B,E10,R,,,,,,
1,KYORUGI CLASS B,Day1/KYORUGI CLASS B TM LIST.pdf,14,KELAB TAEKWONDO SPU PENANG,146,MOHAMAD KHAIRUL AZIZI,no,9 - 11 MFLY5,E14,B,E11,B,,,,,,
1,KYORUGI CLASS B,Day1/KYORUGI CLASS B TM LIST.pdf,14,KELAB TAEKWONDO SPU PENANG,170,MUHAMMAD LUTH DANIEL,no,9 - 11 MHEAVY6,G65,R,,,,,,,,
1,KYORUGI CLASS B,Day1/KYORUGI CLASS B TM LIST.pdf,14,KELAB TAEKWONDO SPU PENANG,171,MOHAMMAD WAHYU WAFI,no,9 - 11 MHEAVY6,G65,B,G62,R,,,,,,
1,KYORUGI CLASS B,Day1/KYORUGI CLASS B TM LIST.pdf,14,KELAB TAEKWONDO SPU PENANG,172,MUHAMMAD AMSYAR LUTFI,no,9 - 11 MHEAVY7,G68,B,G66,B,,,,,,
1,KYORUGI CLASS B,Day1/KYORUGI CLASS B TM LIST.pdf,14,KELAB TAEKWONDO SPU PENANG,173,MUHAMMAD ARYAN ZIQRI,no,9 - 11 MHEAVY7,G68,R,,,,,,,,
1,KYORUGI CLASS B,Day1/KYORUGI CLASS B TM LIST.pdf,14,KELAB TAEKWONDO SPU PENANG,174,AHMAD HARITH IQBAL,no,9 - 11 MHEAVY7,G68,B,G66,R,,,,,,
1,KYORUGI CLASS B,Day1/KYORUGI CLASS B TM LIST.pdf,14,KELAB TAEKWONDO SPU PENANG,175,TUAH AL FATEH,no,9 - 11 MHEAVY8,G69,B,G67,R,,,,,,
1,KYORUGI CLASS B,Day1/KYORUGI CLASS B TM LIST.pdf,14,KELAB TAEKWONDO SPU PENANG,176,RIZQI FATTAH,no,9 - 11 MHEAVY8,G69,R,,,,,,,,
1,KYORUGI CLASS B,Day1/KYORUGI CLASS B TM LIST.pdf,14,KELAB TAEKWONDO SPU PENANG,187,MUHAMMAD AMRIZQIE MIZWAN,no,9 - 11 MLIGHT3,E57,B,E53,R,,,,,,
1,KYORUGI CLASS B,Day1/KYORUGI CLASS B TM LIST.pdf,14,KELAB TAEKWONDO SPU PENANG,188,ARYAN ISYRAFF,no,9 - 11 MLIGHT3,E57,R,,,,,,,,
1,KYORUGI CLASS B,Day1/KYORUGI CLASS B TM LIST.pdf,14,KELAB TAEKWONDO SPU PENANG,215,MUHAMMAD DANISH LUKMAN,no,9 - 11 MWELTER3,G40,R,G37,R,,,,,,
1,KYORUGI CLASS B,Day1/KYORUGI CLASS B TM LIST.pdf,14,KELAB TAEKWONDO SPU PENANG,218,DR.HJ.MOHAMED SABIB,no,31 - 40 MBANTAM,H78,R,,,,,,,,
1,KYORUGI CLASS B,Day1/KYORUGI CLASS B TM LIST.pdf,14,KELAB TAEKWONDO SPU PENANG,222,NUR AISHA BINTI ABDULLAH,no,12 - 14 FBANTAM,F65,R,F62,B,,,,,,
1,KYORUGI CLASS B,Day1/KYORUGI CLASS B TM LIST.pdf,14,KELAB TAEKWONDO SPU PENANG,240,NUR AFRINA SYAKIRAH,no,12 - 14 FFEATHER4,F80,R,F77,B,,,,,,
1,KYORUGI CLASS B,Day1/KYORUGI CLASS B TM LIST.pdf,14,KELAB TAEKWONDO SPU PENANG,241,SYASYA ZULAIKHA,no,12 - 14 FFEATHER4,F80,B,F76,B,,,,,,
1,KYORUGI CLASS B,Day1/KYORUGI CLASS B TM LIST.pdf,14,KELAB TAEKWONDO SPU PENANG,242,AUFA IRDINA,no,12 - 14 FFEATHER5,F81,R,,,,,,,,
1,KYORUGI CLASS B,Day1/KYORUGI CLASS B TM LIST.pdf,14,KELAB TAEKWONDO SPU PENANG,243,DHIYA HUMAIRA 'ARISSA,no,12 - 14 FFEATHER5,F81,B,F78,R,,,,,,
1,KYORUGI CLASS B,Day1/KYORUGI CLASS B TM LIST.pdf,14,KELAB TAEKWONDO SPU PENANG,250,NUR AFEFA NARESYA,no,12 - 14 FFLY2,F64,B,F60,R,,,,,,
1,KYORUGI CLASS B,Day1/KYORUGI CLASS B TM LIST.pdf,14,KELAB TAEKWONDO SPU PENANG,251,QISYA AQEELA ZARA,no,12 - 14 FFLY2,F64,R,,,,,,,,
1,KYORUGI CLASS B,Day1/KYORUGI CLASS B TM LIST.pdf,14,KELAB TAEKWONDO SPU PENANG,273,IMAN MEDINA,no,12 - 14 FLIGHT4,H04,B,H01,B,,,,,,
1,KYORUGI CLASS B,Day1/KYORUGI CLASS B TM LIST.pdf,14,KELAB TAEKWONDO SPU PENANG,274,NUR AIRA SAFIYYA,no,12 - 14 FLIGHT5,H05,B,H02,B,,,,,,
1,KYORUGI CLASS B,Day1/KYORUGI CLASS B TM LIST.pdf,14,KELAB TAEKWONDO SPU PENANG,275,NUR ADAWIYAH,no,12 - 14 FLIGHT5,H05,R,,,,,,,,
1,KYORUGI CLASS B,Day1/KYORUGI CLASS B TM LIST.pdf,14,KELAB TAEKWONDO SPU PENANG,276,MARYAM AQILAH,no,12 - 14 FLIGHT5,H05,B,H02,R,,,,,,
1,KYORUGI CLASS B,Day1/KYORUGI CLASS B TM LIST.pdf,15,KELAB TAEKWONDO SPU PENANG,281,FLORA NUR AMANDA,no,12 - 14 FLIGHT HEAVY,H30,B,,,,,,,,
1,KYORUGI CLASS B,Day1/KYORUGI CLASS B TM LIST.pdf,15,KELAB TAEKWONDO SPU PENANG,285,NUR AIMY DAMIA,no,12 - 14 FLIGHT MIDDLE,H20,B,H15,R,,,,,,
1,KYORUGI CLASS B,Day1/KYORUGI CLASS B TM LIST.pdf,15,KELAB TAEKWONDO SPU PENANG,306,NUR AINAA FATNIN,no,12 - 14 FWELTER3,H13,B,H10,B,,,,,,
1,KYORUGI CLASS B,Day1/KYORUGI CLASS B TM LIST.pdf,15,KELAB TAEKWONDO SPU PENANG,307,DIAN HANA AMMARA,no,12 - 14 FWELTER4,H19,B,H14,R,,,,,,
1,KYORUGI CLASS B,Day1/KYORUGI CLASS B TM LIST.pdf,15,KELAB TAEKWONDO SPU PENANG,323,NUR AIMI NAJWA,no,15 - 17 FLIGHT,H61,R,,,,,,,,
1,KYORUGI CLASS B,Day1/KYORUGI CLASS B TM LIST.pdf,15,KELAB TAEKWONDO SPU PENANG,335,NUR ERMINA YASMINE,no,9 - 11 FBANTAM2,F14,B,F10,R,,,,,,
1,KYORUGI CLASS B,Day1/KYORUGI CLASS B TM LIST.pdf,15,KELAB TAEKWONDO SPU PENANG,336,HANI HUMAIRA,no,9 - 11 FBANTAM3,F15,B,F11,R,,,,,,
1,KYORUGI CLASS B,Day1/KYORUGI CLASS B TM LIST.pdf,15,KELAB TAEKWONDO SPU PENANG,347,DHIA ZARA SOFIA,no,9 - 11 FFEATHER3,F22,R,,,,,,,,
1,KYORUGI CLASS B,Day1/KYORUGI CLASS B TM LIST.pdf,15,KELAB TAEKWONDO SPU PENANG,352,NUR FALISHA IMAN,no,9 - 11 FFEATHER4,F23,B,F20,B,,,,,,
1,KYORUGI CLASS B,Day1/KYORUGI CLASS B TM LIST.pdf,15,KELAB TAEKWONDO SPU PENANG,378,NUR AISYAH DAMIA,no,9 - 11 FHEAVY5,G29,R,,,,,,,,
1,KYORUGI CLASS B,Day1/KYORUGI CLASS B TM LIST.pdf,15,KELAB TAEKWONDO SPU PENANG,379,NUR DAMIA FATHIAH,no,9 - 11 FHEAVY5,G29,B,G26,R,,,,,,
1,KYORUGI CLASS B,Day1/KYORUGI CLASS B TM LIST.pdf,15,KELAB TAEKWONDO SPU PENANG,380,NURFARIHA AYRA AZZAHRA,no,9 - 11 FHEAVY6,G30,B,G27,B,,,,,,
1,KYORUGI CLASS B,Day1/KYORUGI CLASS B TM LIST.pdf,15,KELAB TAEKWONDO SPU PENANG,399,NUR NABILAH AMANI,no,9 - 11 FLIGHT4,F39,R,F34,B,,,,,,
1,KYORUGI CLASS B,Day1/KYORUGI CLASS B TM LIST.pdf,15,KELAB TAEKWONDO SPU PENANG,400,NUR NAWAL HUSNA,no,9 - 11 FLIGHT4,F39,B,F33,B,,,,,,
1,KYORUGI CLASS B,Day1/KYORUGI CLASS B TM LIST.pdf,15,KELAB TAEKWONDO SPU PENANG,401,NUR AFIFA FATINI,no,9 - 11 FLIGHT4,F39,B,F33,R,,,,,,
1,KYORUGI CLASS B,Day1/KYORUGI CLASS B TM LIST.pdf,15,KELAB TAEKWONDO SPU PENANG,415,NURUL AMIRA AQILAH,no,9 - 11 FMIDDLE3,G09,B,G05,B,,,,,,
1,KYORUGI CLASS B,Day1/KYORUGI CLASS B TM LIST.pdf,15,KELAB TAEKWONDO SPU PENANG,416,NUR AINA SAFIYYA,no,9 - 11 FMIDDLE3,G09,R,G06,B,,,,,,
1,KYORUGI CLASS B,Day1/KYORUGI CLASS B TM LIST.pdf,15,KELAB TAEKWONDO SPU PENANG,432,QAISARA,no,9 - 11 FWELTER3,F47,R,F45,B,,,,,,
1,KYORUGI CLASS B,Day1/KYORUGI CLASS B TM LIST.pdf,15,KELAB TAEKWONDO SPU PENANG,433,ANGGUN NUR AZ ZAHRA,no,9 - 11 FWELTER3,F47,B,F44,R,,,,,,
1,KYORUGI CLASS B,Day1/KYORUGI CLASS B TM LIST.pdf,15,KELAB TAEKWONDO SPU PENANG,434,NUR AISYAH INSYIRAH,no,9 - 11 FWELTER3,F47,B,F44,B,,,,,,
1,KYORUGI CLASS B,Day1/KYORUGI CLASS B TM LIST.pdf,16,KELAB TAEKWONDO YIKANG BIDOR,181,AISH IRFAN HAQEEM BIN MOHD HAFIZ...,yes,9 - 11 MLIGHT,E50,B,E46,R,,,,,,
1,KYORUGI CLASS B,Day1/KYORUGI CLASS B TM LIST.pdf,16,KELAB TAEKWONDO YIKANG BIDOR,182,DYLAN TONG YONG XUAN,no,9 - 11 MLIGHT2,E56,R,E52,B,,,,,,
1,KYORUGI CLASS B,Day1/KYORUGI CLASS B TM LIST.pdf,16,KELAB TAEKWONDO YIKANG BIDOR,196,HANSION KHOR,no,9 - 11 MMIDDLE,G46,R,G42,B,,,,,,
1,KYORUGI CLASS B,Day1/KYORUGI CLASS B TM LIST.pdf,17,KELAB TAEKWONDO YIKANG BOTANI,052,CHEE BO YI,no,12 - 14 MLIGHT MIDDLE2,H50,B,H45,B,,,,,,
1,KYORUGI CLASS B,Day1/KYORUGI CLASS B TM LIST.pdf,18,KORYO DAMANSARA,040,NAJMI AQIL NASRUL ADLAN,no,12 - 14 MLIGHT,H41,R,H38,B,,,,,,
1,KYORUGI CLASS B,Day1/KYORUGI CLASS B TM LIST.pdf,18,KORYO DAMANSARA,049,MUHAMMAD AMIR ZAHIN BIN ZAINAL,no,12 - 14 MLIGHT MIDDLE,H49,R,,,,,,,,
1,KYORUGI CLASS B,Day1/KYORUGI CLASS B TM LIST.pdf,18,KORYO DAMANSARA,132,NAFAL AREEF BIN NASRUL ADLAN,no,9 - 11 MFLY,E07,R,E03,R,,,,,,
1,KYORUGI CLASS B,Day1/KYORUGI CLASS B TM LIST.pdf,18,KORYO DAMANSARA,362,NAYLA ATIYA BINTI NASRUL ADLAN,no,9 - 11 FHEAVY,G16,B,G12,B,,,,,,
1,KYORUGI CLASS B,Day1/KYORUGI CLASS B TM LIST.pdf,18,KORYO DAMANSARA,365,AMANDA IZZ ZAYANI BINTI ZAINAL,no,9 - 11 FHEAVY2,G23,B,G17,R,,,,,,
1,KYORUGI CLASS B,Day1/KYORUGI CLASS B TM LIST.pdf,19,Kelab Beyond Taekwondo Nilai,092,RAFIQ ZAIM BIN MOHD ZAHARI,no,9 - 11 MBANTAM2,E22,B,E17,B,,,,,,
1,KYORUGI CLASS B,Day1/KYORUGI CLASS B TM LIST.pdf,19,Kelab Beyond Taekwondo Nilai,136,VIBISHAN A/L YOGISSWARAN,no,9 - 11 MFLY2,E08,R,E05,R,,,,,,
1,KYORUGI CLASS B,Day1/KYORUGI CLASS B TM LIST.pdf,19,Kelab Beyond Taekwondo Nilai,227,Delisha Irdina Binti Rishzuan,no,12 - 14 FFEATHER,F72,R,F68,R,,,,,,
1,KYORUGI CLASS B,Day1/KYORUGI CLASS B TM LIST.pdf,19,Kelab Beyond Taekwondo Nilai,261,Nur Adelia binti Ismail,no,12 - 14 FLIGHT,G76,R,G71,R,,,,,,
1,KYORUGI CLASS B,Day1/KYORUGI CLASS B TM LIST.pdf,19,Kelab Beyond Taekwondo Nilai,262,Athirah Khisyah binti Khairul Iddzhar,no,12 - 14 FLIGHT,G76,B,G70,R,,,,,,
1,KYORUGI CLASS B,Day1/KYORUGI CLASS B TM LIST.pdf,20,Kelab Taekwondo Yikang (Bercham),018,FATIH HAFIY BIN MUHAMAD AIZERUL,no,12 - 14 MFIN,E65,B,E60,B,,,,,,
1,KYORUGI CLASS B,Day1/KYORUGI CLASS B TM LIST.pdf,20,Kelab Taekwondo Yikang (Bercham),053,YEOH YU HANG,no,12 - 14 MLIGHT MIDDLE2,H50,R,,,,,,,,
1,KYORUGI CLASS B,Day1/KYORUGI CLASS B TM LIST.pdf,20,Kelab Taekwondo Yikang (Bercham),075,BRYAN LEE KANG HUI,no,15 - 17 MLIGHT,H81,R,,,,,,,,
1,KYORUGI CLASS B,Day1/KYORUGI CLASS B TM LIST.pdf,20,Kelab Taekwondo Yikang (Bercham),144,MUHAMMAD AAKIF AMSYAR BIN HASMIZI,no,9 - 11 MFLY4,E13,B,E10,B,,,,,,
1,KYORUGI CLASS B,Day1/KYORUGI CLASS B TM LIST.pdf,20,Kelab Taekwondo Yikang (Bercham),157,AHMAD SYUKRI BIN SABARUDIN,no,9 - 11 MHEAVY3,G57,R,G54,B,,,,,,
1,KYORUGI CLASS B,Day1/KYORUGI CLASS B TM LIST.pdf,20,Kelab Taekwondo Yikang (Bercham),234,ANGEL SAW NING HUI,no,12 - 14 FFEATHER3,F79,B,F74,R,,,,,,
1,KYORUGI CLASS B,Day1/KYORUGI CLASS B TM LIST.pdf,20,Kelab Taekwondo Yikang (Bercham),297,THAMEESHA A/P LENNON,no,12 - 14 FWELTER,H11,B,H07,B,,,,,,
1,KYORUGI CLASS B,Day1/KYORUGI CLASS B TM LIST.pdf,20,Kelab Taekwondo Yikang (Bercham),341,AFRA LUTHFYA BINTI FAIZ HUSAINI,no,9 - 11 FFEATHER,F16,R,F13,B,,,,,,
1,KYORUGI CLASS B,Day1/KYORUGI CLASS B TM LIST.pdf,20,Kelab Taekwondo Yikang (Bercham),361,MAK QIAO NAN,no,9 - 11 FHEAVY,G16,R,G13,R,,,,,,
1,KYORUGI CLASS B,Day1/KYORUGI CLASS B TM LIST.pdf,20,Kelab Taekwondo Yikang (Bercham),367,NUR RANIA AMANDA BINTI MUHAMMAD...,yes,9 - 11 FHEAVY2,G23,R,G18,B,,,,,,
1,KYORUGI CLASS B,Day1/KYORUGI CLASS B TM LIST.pdf,20,Kelab Taekwondo Yikang (Bercham),372,YAP ZI QI,no,9 - 11 FHEAVY3,G24,B,G19,R,,,,,,
1,KYORUGI CLASS B,Day1/KYORUGI CLASS B TM LIST.pdf,21,MAC TAEKWONDO CLUB,081,SYAZANI FIQRI BIN SYAIFUL FADZLI,no,15 - 17 MMIDDLE,H63,R,,,,,,,,
1,KYORUGI CLASS B,Day1/KYORUGI CLASS B TM LIST.pdf,22,MACTS,047,Muhammad Danish haikal,no,12 - 14 MLIGHT HEAVY,H55,R,,,,,,,,
1,KYORUGI CLASS B,Day1/KYORUGI CLASS B TM LIST.pdf,22,MACTS,095,Nur Muhammad irfan,no,9 - 11 MBANTAM3,E23,R,E20,B,,,,,,
1,KYORUGI CLASS B,Day1/KYORUGI CLASS B TM LIST.pdf,22,MACTS,096,Syed rafli,no,9 - 11 MBANTAM3,E23,B,E19,B,,,,,,
1,KYORUGI CLASS B,Day1/KYORUGI CLASS B TM LIST.pdf,22,MACTS,117,Muhammad Hafiz Daiyan bin Hisham,no,9 - 11 MFEATHER4,E41,B,E37,B,,,,,,
1,KYORUGI CLASS B,Day1/KYORUGI CLASS B TM LIST.pdf,22,MACTS,162,Muhammad amirul Adha,no,9 - 11 MHEAVY4,G63,R,G59,R,,,,,,
1,KYORUGI CLASS B,Day1/KYORUGI CLASS B TM LIST.pdf,22,MACTS,235,Nur Rania Batrisya bt Rohaizam,no,12 - 14 FFEATHER3,F79,B,F74,B,,,,,,
1,KYORUGI CLASS B,Day1/KYORUGI CLASS B TM LIST.pdf,22,MACTS,333,Adlina shafiyyah,no,9 - 11 FBANTAM2,F14,B,F10,B,,,,,,
1,KYORUGI CLASS B,Day1/KYORUGI CLASS B TM LIST.pdf,22,MACTS,334,Nur Dania Miqaila bte Rohaizam,no,9 - 11 FBANTAM2,F14,R,,,,,,,,
1,KYORUGI CLASS B,Day1/KYORUGI CLASS B TM LIST.pdf,22,MACTS,412,Nur Alwani Farihah,no,9 - 11 FMIDDLE2,G08,B,G03,B,,,,,,
1,KYORUGI CLASS B,Day1/KYORUGI CLASS B TM LIST.pdf,22,MACTS,429,Evren Mikayla,no,9 - 11 FWELTER2,F46,B,F42,B,,,,,,
1,KYORUGI CLASS B,Day1/KYORUGI CLASS B TM LIST.pdf,23,MATSA TAEKWONDO CLUB,009,ABRAR BIN MOHD FIRDAUS,no,12 - 14 MBANTAM3,F57,B,F55,R,,,,,,
1,KYORUGI CLASS B,Day1/KYORUGI CLASS B TM LIST.pdf,23,MATSA TAEKWONDO CLUB,246,Dian Arissa Binti Muhammad Hafiz,no,12 - 14 FFLY,F63,B,F58,R,,,,,,
1,KYORUGI CLASS B,Day1/KYORUGI CLASS B TM LIST.pdf,23,MATSA TAEKWONDO CLUB,389,INDAH ZULAIKHA BINTI MOHD ZULHIS...,yes,9 - 11 FLIGHT,F30,R,F25,R,,,,,,
1,KYORUGI CLASS B,Day1/KYORUGI CLASS B TM LIST.pdf,24,POWER KEDAH,156,MUHAMMAD IFFAT ISKANDAR BIN MOH...,yes,9 - 11 MHEAVY2,G56,B,G51,B,,,,,,
1,KYORUGI CLASS B,Day1/KYORUGI CLASS B TM LIST.pdf,25,Pearl Taekwondo Club,058,Danish Ahmad Hadi bin Anis Ahmad,no,12 - 14 MMIDDLE,H54,R,H52,B,,,,,,
1,KYORUGI CLASS B,Day1/KYORUGI CLASS B TM LIST.pdf,25,Pearl Taekwondo Club,258,Mia Maisara Suhairyna binti Nasrul,no,12 - 14 FHEAVY2,H32,R,,,,,,,,
1,KYORUGI CLASS B,Day1/KYORUGI CLASS B TM LIST.pdf,25,Pearl Taekwondo Club,289,Siti Damia binti Azmin,no,12 - 14 FLIGHT MIDDLE2,H21,R,H18,R,,,,,,
1,KYORUGI CLASS B,Day1/KYORUGI CLASS B TM LIST.pdf,26,RSB TAEKWONDO CLUB,003,MUHAMMAD FARISH IRFAN BIN M FAIZAL,no,12 - 14 MBANTAM,F53,B,F50,R,,,,,,
1,KYORUGI CLASS B,Day1/KYORUGI CLASS B TM LIST.pdf,26,RSB TAEKWONDO CLUB,004,ABDULLAH HAZIQ BIN FIRUZ DALILI,no,12 - 14 MBANTAM2,F56,R,,,,,,,,
1,KYORUGI CLASS B,Day1/KYORUGI CLASS B TM LIST.pdf,26,RSB TAEKWONDO CLUB,005,LING JUN YUAN,no,12 - 14 MBANTAM2,F56,B,F54,B,,,,,,
1,KYORUGI CLASS B,Day1/KYORUGI CLASS B TM LIST.pdf,26,RSB TAEKWONDO CLUB,013,NG YIN JOAN,no,12 - 14 MFEATHER,H39,B,H33,B,,,,,,
1,KYORUGI CLASS B,Day1/KYORUGI CLASS B TM LIST.pdf,26,RSB TAEKWONDO CLUB,015,AMSYAR ISLAM BIN JASNI,no,12 - 14 MFEATHER2,H40,R,H36,R,,,,,,
1,KYORUGI CLASS B,Day1/KYORUGI CLASS B TM LIST.pdf,26,RSB TAEKWONDO CLUB,019,MU' AWIYAH BIN MUHAMMAD SUFYAN,no,12 - 14 MFIN,E65,B,E60,R,,,,,,
1,KYORUGI CLASS B,Day1/KYORUGI CLASS B TM LIST.pdf,26,RSB TAEKWONDO CLUB,020,QALQASHANDI FALAH BIN AHMAD IKMAL,no,12 - 14 MFIN,E65,R,E61,R,,,,,,
1,KYORUGI CLASS B,Day1/KYORUGI CLASS B TM LIST.pdf,26,RSB TAEKWONDO CLUB,021,MEOR MUHAMMAD WAFI BIN MEOR MO...,yes,12 - 14 MFIN,E65,R,E61,B,,,,,,
1,KYORUGI CLASS B,Day1/KYORUGI CLASS B TM LIST.pdf,26,RSB TAEKWONDO CLUB,029,ZAID LUQMAN BIN ZULFADLI,no,12 - 14 MFLY2,F51,B,F48,B,,,,,,
1,KYORUGI CLASS B,Day1/KYORUGI CLASS B TM LIST.pdf,26,RSB TAEKWONDO CLUB,035,LEE SYUEN LONG,no,12 - 14 MHEAVY,H56,B,H53,R,,,,,,
1,KYORUGI CLASS B,Day1/KYORUGI CLASS B TM LIST.pdf,26,RSB TAEKWONDO CLUB,054,AEDAN EZRA CUBINAR,no,12 - 14 MLIGHT MIDDLE2,H50,B,H45,R,,,,,,
1,KYORUGI CLASS B,Day1/KYORUGI CLASS B TM LIST.pdf,26,RSB TAEKWONDO CLUB,056,MUHAMMAD DINIE HAFIY BIN HAIRUL A...,yes,12 - 14 MMIDDLE,H54,B,H51,R,,,,,,
1,KYORUGI CLASS B,Day1/KYORUGI CLASS B TM LIST.pdf,26,RSB TAEKWONDO CLUB,060,AFIQ DANIAL BIN FAIRUS ANUAR,no,12 - 14 MWELTER,H47,R,,,,,,,,
1,KYORUGI CLASS B,Day1/KYORUGI CLASS B TM LIST.pdf,26,RSB TAEKWONDO CLUB,061,MUHAMMAD ZIYAD THORIQ BIN MOHD ...,yes,12 - 14 MWELTER,H47,B,H43,B,,,,,,
1,KYORUGI CLASS B,Day1/KYORUGI CLASS B TM LIST.pdf,26,RSB TAEKWONDO CLUB,068,MUHAMMAD FAIZZUL BIN ROSLAN,no,15 - 17 MFIN,H72,R,,,,,,,,
1,KYORUGI CLASS B,Day1/KYORUGI CLASS B TM LIST.pdf,26,RSB TAEKWONDO CLUB,078,FIRAS RIFFAT BIN RIZAL,no,15 - 17 MLIGHT HEAVY,H64,B,H59,B,,,,,,
1,KYORUGI CLASS B,Day1/KYORUGI CLASS B TM LIST.pdf,26,RSB TAEKWONDO CLUB,084,MUHAMMAD NAUFAL BIN KHAIRUL ANUAR,no,31 - 40 MBANTAM,H78,B,H74,R,,,,,,
1,KYORUGI CLASS B,Day1/KYORUGI CLASS B TM LIST.pdf,26,RSB TAEKWONDO CLUB,094,MUHAMMAD HADEEN HAIDER BIN MOH...,yes,9 - 11 MBANTAM3,E23,B,E19,R,,,,,,
1,KYORUGI CLASS B,Day1/KYORUGI CLASS B TM LIST.pdf,26,RSB TAEKWONDO CLUB,109,ASYRAF ZURRUSHDI BIN MOHAMAD RO...,yes,9 - 11 MFEATHER2,E39,B,E33,B,,,,,,
1,KYORUGI CLASS B,Day1/KYORUGI CLASS B TM LIST.pdf,26,RSB TAEKWONDO CLUB,110,MEOR MUHAMMAD WAFIQ BIN MEOR M...,yes,9 - 11 MFEATHER2,E39,B,E33,R,,,,,,
1,KYORUGI CLASS B,Day1/KYORUGI CLASS B TM LIST.pdf,26,RSB TAEKWONDO CLUB,111,AIDAN THAQIF BIN AZIZUDDIN KHALILY,no,9 - 11 MFEATHER2,E39,R,E34,B,,,,,,
1,KYORUGI CLASS B,Day1/KYORUGI CLASS B TM LIST.pdf,26,RSB TAEKWONDO CLUB,112,RAYYAN ZIQRULLAH BIN MOHD AZUAN,no,9 - 11 MFEATHER2,E39,R,E34,R,,,,,,
1,KYORUGI CLASS B,Day1/KYORUGI CLASS B TM LIST.pdf,26,RSB TAEKWONDO CLUB,113,UWAIS AL QARNI BIN AMIRUL ASRAF,no,9 - 11 MFEATHER3,E40,B,E35,B,,,,,,
1,KYORUGI CLASS B,Day1/KYORUGI CLASS B TM LIST.pdf,26,RSB TAEKWONDO CLUB,130,AIDAN ARMAN BIN NOOR AIMAN,no,9 - 11 MFIN,E06,B,E01,R,,,,,,
1,KYORUGI CLASS B,Day1/KYORUGI CLASS B TM LIST.pdf,26,RSB TAEKWONDO CLUB,137,AIDID BIN MOHD ANAS,no,9 - 11 MFLY2,E08,B,E04,B,,,,,,
1,KYORUGI CLASS B,Day1/KYORUGI CLASS B TM LIST.pdf,26,RSB TAEKWONDO CLUB,138,MUHAMMAD AWFAR BIN NOR HELMI,no,9 - 11 MFLY2,E08,R,E05,B,,,,,,
1,KYORUGI CLASS B,Day1/KYORUGI CLASS B TM LIST.pdf,26,RSB TAEKWONDO CLUB,159,LEE SYUEN JING,no,9 - 11 MHEAVY3,G57,B,G53,R,,,,,,
1,KYORUGI CLASS B,Day1/KYORUGI CLASS B TM LIST.pdf,26,RSB TAEKWONDO CLUB,160,DIONG MING SHENG,no,9 - 11 MHEAVY3,G57,R,G54,R,,,,,,
1,KYORUGI CLASS B,Day1/KYORUGI CLASS B TM LIST.pdf,26,RSB TAEKWONDO CLUB,161,MUHAMMAD RAQIB NAUFAL BIN ROZALI,no,9 - 11 MHEAVY4,G63,B,G58,B,,,,,,
1,KYORUGI CLASS B,Day1/KYORUGI CLASS B TM LIST.pdf,26,RSB TAEKWONDO CLUB,183,MUHAMMAD DANIEL HAZIEQ BIN MOHA...,yes,9 - 11 MLIGHT2,E56,B,E51,B,,,,,,
1,KYORUGI CLASS B,Day1/KYORUGI CLASS B TM LIST.pdf,26,RSB TAEKWONDO CLUB,197,CHANG YAN BIN,no,9 - 11 MMIDDLE,G46,B,G41,R,,,,,,
1,KYORUGI CLASS B,Day1/KYORUGI CLASS B TM LIST.pdf,26,RSB TAEKWONDO CLUB,198,NG YIN WAYNE,no,9 - 11 MMIDDLE,G46,R,G42,R,,,,,,
1,KYORUGI CLASS B,Day1/KYORUGI CLASS B TM LIST.pdf,26,RSB TAEKWONDO CLUB,208,MUHAMMAD HARRAZ DANIAL BIN MUH...,yes,9 - 11 MWELTER,G38,B,G32,R,,,,,,
1,KYORUGI CLASS B,Day1/KYORUGI CLASS B TM LIST.pdf,26,RSB TAEKWONDO CLUB,209,MUHAMMAD AMMAR RIFQI BIN MOHAM...,yes,9 - 11 MWELTER,G38,R,G33,R,,,,,,
1,KYORUGI CLASS B,Day1/KYORUGI CLASS B TM LIST.pdf,26,RSB TAEKWONDO CLUB,210,MUHAMMAD AQIL RAYYAN BIN MOHAM...,yes,9 - 11 MWELTER2,G39,R,G35,B,,,,,,
1,KYORUGI CLASS B,Day1/KYORUGI CLASS B TM LIST.pdf,26,RSB TAEKWONDO CLUB,211,BEH BOON HAO,no,9 - 11 MWELTER2,G39,B,G34,R,,,,,,
1,KYORUGI CLASS B,Day1/KYORUGI CLASS B TM LIST.pdf,26,RSB TAEKWONDO CLUB,230,QAIREEN IZZXARA AMANDA BIN ROZMAN,no,12 - 14 FFEATHER2,F73,R,F70,B,,,,,,
1,KYORUGI CLASS B,Day1/KYORUGI CLASS B TM LIST.pdf,27,RSB TAEKWONDO CLUB,231,KHADEEJAH BINTI KHAIRIL NAZIM,no,12 - 14 FFEATHER2,F73,B,F69,R,,,,,,
1,KYORUGI CLASS B,Day1/KYORUGI CLASS B TM LIST.pdf,27,RSB TAEKWONDO CLUB,232,NUR 'ALYA HUSNA BINTI MOHAMAD HA...,yes,12 - 14 FFEATHER2,F73,R,F70,R,,,,,,
1,KYORUGI CLASS B,Day1/KYORUGI CLASS B TM LIST.pdf,27,RSB TAEKWONDO CLUB,233,NURFATHIA BINTI MOHD HISHAM,no,12 - 14 FFEATHER2,F73,B,F69,B,,,,,,
1,KYORUGI CLASS B,Day1/KYORUGI CLASS B TM LIST.pdf,27,RSB TAEKWONDO CLUB,247,ZAHIRAH NELISA BINTI MOHD UZAINI,no,12 - 14 FFLY,F63,R,F59,B,,,,,,
1,KYORUGI CLASS B,Day1/KYORUGI CLASS B TM LIST.pdf,27,RSB TAEKWONDO CLUB,248,MIA IRIS AMANDA BINTI MIOR MOHD S...,yes,12 - 14 FFLY,F63,B,F58,B,,,,,,
1,KYORUGI CLASS B,Day1/KYORUGI CLASS B TM LIST.pdf,27,RSB TAEKWONDO CLUB,254,NUR QAISARAH BINTI MOHD HASPUNIZ...,yes,12 - 14 FHEAVY,H31,B,H25,R,,,,,,
1,KYORUGI CLASS B,Day1/KYORUGI CLASS B TM LIST.pdf,27,RSB TAEKWONDO CLUB,268,NOOR ZARA SOFIA BT ABDULLAH,no,12 - 14 FLIGHT3,G78,B,G74,B,,,,,,
1,KYORUGI CLASS B,Day1/KYORUGI CLASS B TM LIST.pdf,27,RSB TAEKWONDO CLUB,269,ALIAH YUSRA BINTI MUHAMMAD SHAH...,yes,12 - 14 FLIGHT3,G78,R,G75,B,,,,,,
1,KYORUGI CLASS B,Day1/KYORUGI CLASS B TM LIST.pdf,27,RSB TAEKWONDO CLUB,270,THEEBALAKSHMII A/P NAVEEN RAJ,no,12 - 14 FLIGHT3,G78,B,G74,R,,,,,,
1,KYORUGI CLASS B,Day1/KYORUGI CLASS B TM LIST.pdf,27,RSB TAEKWONDO CLUB,291,NOOR DURRAINI UFAIRAH BINTI TAJUL...,yes,12 - 14 FMIDDLE,H28,R,H23,R,,,,,,
1,KYORUGI CLASS B,Day1/KYORUGI CLASS B TM LIST.pdf,27,RSB TAEKWONDO CLUB,302,NOOR DHIA IRDINA BINTI TAJUL ARIFFIN,no,12 - 14 FWELTER2,H12,B,H09,B,,,,,,
1,KYORUGI CLASS B,Day1/KYORUGI CLASS B TM LIST.pdf,27,RSB TAEKWONDO CLUB,303,WAN NUR ADELIA BINTI WAN ZAHARI,no,12 - 14 FWELTER2,H12,R,,,,,,,,
1,KYORUGI CLASS B,Day1/KYORUGI CLASS B TM LIST.pdf,27,RSB TAEKWONDO CLUB,310,NUR ALYA MARISSA BIN AZIZULKHAIRI,no,15 - 17 FBANTAM,H71,B,,,,,,,,
1,KYORUGI CLASS B,Day1/KYORUGI CLASS B TM LIST.pdf,27,RSB TAEKWONDO CLUB,316,NUR IWANA SAFIRAH BINTI ABDUL AZIZ,no,15 - 17 FFIN,H69,B,H66,B,,,,,,
1,KYORUGI CLASS B,Day1/KYORUGI CLASS B TM LIST.pdf,27,RSB TAEKWONDO CLUB,319,ZARA ARISSA BINTI MAZMAN,no,15 - 17 FFLY,H70,B,H67,B,,,,,,
1,KYORUGI CLASS B,Day1/KYORUGI CLASS B TM LIST.pdf,27,RSB TAEKWONDO CLUB,325,NUR ATIQAH BINTI MOHD HANAFE,no,15 - 17 FMIDDLE,,,,,,,,,,
1,KYORUGI CLASS B,Day1/KYORUGI CLASS B TM LIST.pdf,27,RSB TAEKWONDO CLUB,328,NOR BAZILAH BINTI MOHD KHAIRULLAH,no,31 - 40 FFLY,,,,,,,,,,
1,KYORUGI CLASS B,Day1/KYORUGI CLASS B TM LIST.pdf,27,RSB TAEKWONDO CLUB,332,NUR DAYANA ALISAH BINTI MOHAMMA...,yes,9 - 11 FBANTAM,F09,R,F06,R,,,,,,
1,KYORUGI CLASS B,Day1/KYORUGI CLASS B TM LIST.pdf,27,RSB TAEKWONDO CLUB,342,AISHA HUMAIRA BINTI AHMAD DAZREEL,no,9 - 11 FFEATHER,F16,B,F12,B,,,,,,
1,KYORUGI CLASS B,Day1/KYORUGI CLASS B TM LIST.pdf,27,RSB TAEKWONDO CLUB,343,NUR DAYANA HANISAH BINTI MOHAMM...,yes,9 - 11 FFEATHER2,F21,R,F18,B,,,,,,
1,KYORUGI CLASS B,Day1/KYORUGI CLASS B TM LIST.pdf,27,RSB TAEKWONDO CLUB,344,QALESYA FATHIYYAH BINTI YUNI FARD...,yes,9 - 11 FFEATHER2,F21,B,F17,B,,,,,,
1,KYORUGI CLASS B,Day1/KYORUGI CLASS B TM LIST.pdf,27,RSB TAEKWONDO CLUB,357,HADIRAH AZ ZAHRA BINTI HASMAWI,no,9 - 11 FFLY,F07,R,F02,R,,,,,,
1,KYORUGI CLASS B,Day1/KYORUGI CLASS B TM LIST.pdf,27,RSB TAEKWONDO CLUB,358,SUMAYYA BINTI SHAHRUL FAHMI,no,9 - 11 FFLY2,F08,R,F04,B,,,,,,
1,KYORUGI CLASS B,Day1/KYORUGI CLASS B TM LIST.pdf,27,RSB TAEKWONDO CLUB,368,NUR SOPHIA AZ-ZAHRA BINTI MUHAMA...,yes,9 - 11 FHEAVY2,G23,R,G18,R,,,,,,
1,KYORUGI CLASS B,Day1/KYORUGI CLASS B TM LIST.pdf,27,RSB TAEKWONDO CLUB,369,NURUL AMANI BINTI MOHD TAUFIK,no,9 - 11 FHEAVY3,G24,R,G20,R,,,,,,
1,KYORUGI CLASS B,Day1/KYORUGI CLASS B TM LIST.pdf,27,RSB TAEKWONDO CLUB,374,MARWA SANIYYA BINTI MOHD MAZTAK,no,9 - 11 FHEAVY4,G25,R,G22,R,,,,,,
1,KYORUGI CLASS B,Day1/KYORUGI CLASS B TM LIST.pdf,27,RSB TAEKWONDO CLUB,394,NUR QASEH BINTI ROSEZAIDI,no,9 - 11 FLIGHT3,F32,R,F29,R,,,,,,
1,KYORUGI CLASS B,Day1/KYORUGI CLASS B TM LIST.pdf,27,RSB TAEKWONDO CLUB,406,NURIN AUNI NASUHA BINTI MOHAMAD ...,yes,9 - 11 FMIDDLE,G07,R,G02,B,,,,,,
1,KYORUGI CLASS B,Day1/KYORUGI CLASS B TM LIST.pdf,27,RSB TAEKWONDO CLUB,408,HANA HUMAIRA BINTI MOHD HISHAM,no,9 - 11 FMIDDLE,G07,B,G01,B,,,,,,
1,KYORUGI CLASS B,Day1/KYORUGI CLASS B TM LIST.pdf,27,RSB TAEKWONDO CLUB,409,CHERYL CHONG YI TING,no,9 - 11 FMIDDLE,G07,B,G01,R,,,,,,
1,KYORUGI CLASS B,Day1/KYORUGI CLASS B TM LIST.pdf,27,RSB TAEKWONDO CLUB,410,LIN YU C,no,9 - 11 FMIDDLE2,G08,B,G03,R,,,,,,
1,KYORUGI CLASS B,Day1/KYORUGI CLASS B TM LIST.pdf,27,RSB TAEKWONDO CLUB,425,QHAYLA INAS AMANI BINTI ROZMAN,no,9 - 11 FWELTER,F41,B,F37,B,,,,,,
1,KYORUGI CLASS B,Day1/KYORUGI CLASS B TM LIST.pdf,27,RSB TAEKWONDO CLUB,426,NUR AISYAH UMAIRAH BINTI MUHAMM...,yes,9 - 11 FWELTER3,F47,R,F45,R,,,,,,
1,KYORUGI CLASS B,Day1/KYORUGI CLASS B TM LIST.pdf,28,RTS TAEKWONDO WANI,034,AHMAD RAYYAN RIZQI BIN MUHAMMAD,no,12 - 14 MFLY3,F52,B,F49,B,,,,,,
1,KYORUGI CLASS B,Day1/KYORUGI CLASS B TM LIST.pdf,28,RTS TAEKWONDO WANI,074,AHMAD REHAN ISKANDAR BIN ABDUL R...,yes,15 - 17 MHEAVY,H65,B,H60,B,,,,,,
1,KYORUGI CLASS B,Day1/KYORUGI CLASS B TM LIST.pdf,28,RTS TAEKWONDO WANI,205,MUHAMMAD ALLY ZAFRAN BIN MOHD A...,yes,9 - 11 MMIDDLE3,G48,B,G45,R,,,,,,
1,KYORUGI CLASS B,Day1/KYORUGI CLASS B TM LIST.pdf,28,RTS TAEKWONDO WANI,360,FALISHA ILMI BINTI MOHAMAD ISMAIZAN,no,9 - 11 FFLY2,F08,B,F03,B,,,,,,
1,KYORUGI CLASS B,Day1/KYORUGI CLASS B TM LIST.pdf,29,SAGA TAEKWONDO CENTRE (NPRC),427,AMMARA SAFIYA BINTI KHAIRIL SHAHR...,yes,9 - 11 FWELTER,F41,R,F38,B,,,,,,
1,KYORUGI CLASS B,Day1/KYORUGI CLASS B TM LIST.pdf,30,SAGA TAEKWONDO CENTRE PERAK,065,SHARVIN A/L MAHENNDRAN,no,15 - 17 MBANTAM,H80,R,H77,B,,,,,,
1,KYORUGI CLASS B,Day1/KYORUGI CLASS B TM LIST.pdf,31,SKID TAEKWONDO,353,DEVVASHYAA PALAMUTHAN,no,9 - 11 FFLY2,F08,B,F03,R,,,,,,
1,KYORUGI CLASS B,Day1/KYORUGI CLASS B TM LIST.pdf,31,SKID TAEKWONDO,359,HAARADYAA SHRESHTA,no,9 - 11 FFLY2,F08,R,F04,R,,,,,,
1,KYORUGI CLASS B,Day1/KYORUGI CLASS B TM LIST.pdf,31,SKID TAEKWONDO,403,TAKSHARAA SHRESHTA,no,9 - 11 FLIGHT5,F40,B,F35,B,,,,,,
1,KYORUGI CLASS B,Day1/KYORUGI CLASS B TM LIST.pdf,32,SPEED POWER TAEKWONDO WTF,007,MUHAMMAD AMMAR THAQIF BIN BASRI,no,12 - 14 MBANTAM3,F57,B,F55,B,,,,,,
1,KYORUGI CLASS B,Day1/KYORUGI CLASS B TM LIST.pdf,32,SPEED POWER TAEKWONDO WTF,062,EESHWAR A/L MOGAN,no,12 - 14 MWELTER2,H48,B,,,,,,,,
1,KYORUGI CLASS B,Day1/KYORUGI CLASS B TM LIST.pdf,32,SPEED POWER TAEKWONDO WTF,067,MUHAMMAD HAKEEM BIN SHAMSUL AZ...,yes,15 - 17 MBANTAM,H80,B,H76,B,,,,,,
1,KYORUGI CLASS B,Day1/KYORUGI CLASS B TM LIST.pdf,32,SPEED POWER TAEKWONDO WTF,076,THUSENTIARAN A/L VELAYATHAM,no,15 - 17 MLIGHT,H81,B,,,,,,,,
1,KYORUGI CLASS B,Day1/KYORUGI CLASS B TM LIST.pdf,32,SPEED POWER TAEKWONDO WTF,080,MUHAMMAD ASYRAF FIRDAUS BIN KHO...,yes,15 - 17 MMIDDLE,H63,B,H58,B,,,,,,
1,KYORUGI CLASS B,Day1/KYORUGI CLASS B TM LIST.pdf,32,SPEED POWER TAEKWONDO WTF,122,PUTERA MUHAMMAD AISH LUQMAN BIN...,yes,9 - 11 MFEATHER5,E48,R,E43,R,,,,,,
1,KYORUGI CLASS B,Day1/KYORUGI CLASS B TM LIST.pdf,32,SPEED POWER TAEKWONDO WTF,142,MUHAMMAD IZZ HARRAZ BIN MUHAMM...,yes,9 - 11 MFLY3,E12,B,E09,B,,,,,,
1,KYORUGI CLASS B,Day1/KYORUGI CLASS B TM LIST.pdf,32,SPEED POWER TAEKWONDO WTF,143,SAARRVES A/L MOGAN,no,9 - 11 MFLY4,E13,R,,,,,,,,
1,KYORUGI CLASS B,Day1/KYORUGI CLASS B TM LIST.pdf,32,SPEED POWER TAEKWONDO WTF,213,MUHAMMAD UMAR FIRAS BIN HARUN A...,yes,9 - 11 MWELTER2,G39,B,G34,B,,,,,,
1,KYORUGI CLASS B,Day1/KYORUGI CLASS B TM LIST.pdf,32,SPEED POWER TAEKWONDO WTF,238,NUR DAMIA QAISARA BINTI MOHD DEE...,yes,12 - 14 FFEATHER4,F80,R,F77,R,,,,,,
1,KYORUGI CLASS B,Day1/KYORUGI CLASS B TM LIST.pdf,32,SPEED POWER TAEKWONDO WTF,239,NUR SAFIYYA DAMIA BINTI AZWAN,no,12 - 14 FFEATHER4,F80,B,F76,R,,,,,,
1,KYORUGI CLASS B,Day1/KYORUGI CLASS B TM LIST.pdf,32,SPEED POWER TAEKWONDO WTF,249,NUR DAMIA ARISSA BINTI KHAIRUL AM...,yes,12 - 14 FFLY2,F64,B,F60,B,,,,,,
1,KYORUGI CLASS B,Day1/KYORUGI CLASS B TM LIST.pdf,32,SPEED POWER TAEKWONDO WTF,256,YUVITRA A/P BALU,no,12 - 14 FHEAVY2,H32,B,H27,R,,,,,,
1,KYORUGI CLASS B,Day1/KYORUGI CLASS B TM LIST.pdf,32,SPEED POWER TAEKWONDO WTF,292,NUR DANIA BINTI JAMIL,no,12 - 14 FMIDDLE,H28,R,H23,B,,,,,,
1,KYORUGI CLASS B,Day1/KYORUGI CLASS B TM LIST.pdf,32,SPEED POWER TAEKWONDO WTF,293,NUR ALISHA RAIHANA BINTI MOHD ALI,no,12 - 14 FMIDDLE,H28,B,H22,R,,,,,,
1,KYORUGI CLASS B,Day1/KYORUGI CLASS B TM LIST.pdf,32,SPEED POWER TAEKWONDO WTF,294,NUR NABIHAH ZAHRAA BINTI MUHAMM...,yes,12 - 14 FMIDDLE2,H29,R,,,,,,,,
1,KYORUGI CLASS B,Day1/KYORUGI CLASS B TM LIST.pdf,32,SPEED POWER TAEKWONDO WTF,311,NURDINI KHALESHA BINTI NAZERI,no,15 - 17 FBANTAM,H71,R,,,,,,,,
1,KYORUGI CLASS B,Day1/KYORUGI CLASS B TM LIST.pdf,32,SPEED POWER TAEKWONDO WTF,321,AZIZATUL AQEELAH BINTI AZIZUL ASW...,yes,15 - 17 FFLY,H70,R,H68,B,,,,,,
1,KYORUGI CLASS B,Day1/KYORUGI CLASS B TM LIST.pdf,32,SPEED POWER TAEKWONDO WTF,377,NUR NAZIHAH ZHAFIRAH BINTI MUHAM...,yes,9 - 11 FHEAVY5,G29,B,G26,B,,,,,,
1,KYORUGI CLASS B,Day1/KYORUGI CLASS B TM LIST.pdf,32,SPEED POWER TAEKWONDO WTF,398,NUR ADELIA SOPHEA BINTI MOHD SHA...,yes,9 - 11 FLIGHT4,F39,R,F34,R,,,,,,
1,KYORUGI CLASS B,Day1/KYORUGI CLASS B TM LIST.pdf,32,SPEED POWER TAEKWONDO WTF,414,DELICIA OOI YAN XIN,no,9 - 11 FMIDDLE3,G09,B,G05,R,,,,,,
1,KYORUGI CLASS B,Day1/KYORUGI CLASS B TM LIST.pdf,32,SPEED POWER TAEKWONDO WTF,431,THURGESSWARY A/P VELAYATHAM,no,9 - 11 FWELTER2,F46,R,F43,R,,,,,,
1,KYORUGI CLASS B,Day1/KYORUGI CLASS B TM LIST.pdf,33,SPTKZ/ZAFFAA,147,MUHAMMAD DARIS BIN GHAZALI,no,9 - 11 MFLY5,E14,R,,,,,,,,
1,KYORUGI CLASS B,Day1/KYORUGI CLASS B TM LIST.pdf,33,SPTKZ/ZAFFAA,278,NURUL AIN SOFYYA BINTI ABDUL RAHIM,no,12 - 14 FLIGHT6,H06,B,H03,B,,,,,,
1,KYORUGI CLASS B,Day1/KYORUGI CLASS B TM LIST.pdf,33,SPTKZ/ZAFFAA,279,NAURA AFIFATUSSHUFA BINTI MOHAM...,yes,12 - 14 FLIGHT6,H06,R,,,,,,,,
1,KYORUGI CLASS B,Day1/KYORUGI CLASS B TM LIST.pdf,33,SPTKZ/ZAFFAA,295,ADRENA AMANDA BINTI MOHD HAFIZAN,no,12 - 14 FMIDDLE2,H29,B,H24,B,,,,,,
1,KYORUGI CLASS B,Day1/KYORUGI CLASS B TM LIST.pdf,33,SPTKZ/ZAFFAA,348,KHAYLA NUR AMMARA BINTI MOHAMAD...,yes,9 - 11 FFEATHER3,F22,B,F19,R,,,,,,
1,KYORUGI CLASS B,Day1/KYORUGI CLASS B TM LIST.pdf,33,SPTKZ/ZAFFAA,381,NUR DHIA ARISSA BINTI MOHD GHAZALI,no,9 - 11 FHEAVY6,G30,R,,,,,,,,
1,KYORUGI CLASS B,Day1/KYORUGI CLASS B TM LIST.pdf,33,SPTKZ/ZAFFAA,382,NUR MEDINA QAISARA BINTI MOHAMA...,yes,9 - 11 FHEAVY6,G30,B,G27,R,,,,,,
1,KYORUGI CLASS B,Day1/KYORUGI CLASS B TM LIST.pdf,34,Speed Power Taekwondo Master Muhsein,048,MOHAMAD AIMAN HAFIZI BIN SABRI,no,12 - 14 MLIGHT HEAVY,H55,B,,,,,,,,
1,KYORUGI CLASS B,Day1/KYORUGI CLASS B TM LIST.pdf,34,Speed Power Taekwondo Master Muhsein,167,TAZTAZANI ADHAM BIN TAZMIDI,no,9 - 11 MHEAVY5,G64,R,G61,R,,,,,,
1,KYORUGI CLASS B,Day1/KYORUGI CLASS B TM LIST.pdf,34,Speed Power Taekwondo Master Muhsein,184,MUHAMMAD RAYYAN AL FATH BIN ABD...,yes,9 - 11 MLIGHT2,E56,R,E52,R,,,,,,
1,KYORUGI CLASS B,Day1/KYORUGI CLASS B TM LIST.pdf,34,Speed Power Taekwondo Master Muhsein,185,ARYAN HASANI BIN AHMAD FAUZI,no,9 - 11 MLIGHT2,E56,B,E51,R,,,,,,
1,KYORUGI CLASS B,Day1/KYORUGI CLASS B TM LIST.pdf,34,Speed Power Taekwondo Master Muhsein,186,AARIZ HAZIQ ABDUL AZIZ BIN ABDUL ...,yes,9 - 11 MLIGHT3,E57,B,E53,B,,,,,,
1,KYORUGI CLASS B,Day1/KYORUGI CLASS B TM LIST.pdf,34,Speed Power Taekwondo Master Muhsein,236,TIZALEESYA AMANI BINTI TAZMIDI,no,12 - 14 FFEATHER3,F79,R,F75,R,,,,,,
1,KYORUGI CLASS B,Day1/KYORUGI CLASS B TM LIST.pdf,34,Speed Power Taekwondo Master Muhsein,395,RASYIQAH UMAIRA BINTI ROSLIZAM,no,9 - 11 FLIGHT3,F32,B,F28,R,,,,,,
1,KYORUGI CLASS B,Day1/KYORUGI CLASS B TM LIST.pdf,35,TAIPING TAEKWONDO CLUB,001,UMMAR AL FATTEH BIN ABD HAFIZ,no,12 - 14 MBANTAM,F53,B,F50,B,,,,,,
1,KYORUGI CLASS B,Day1/KYORUGI CLASS B TM LIST.pdf,35,TAIPING TAEKWONDO CLUB,002,UNAIS AMZAR BIN MHD IZWAN,no,12 - 14 MBANTAM,F53,R,,,,,,,,
1,KYORUGI CLASS B,Day1/KYORUGI CLASS B TM LIST.pdf,35,TAIPING TAEKWONDO CLUB,011,MUHAMMAD NAUFAL ZIKRY BIN ZAIRIE ...,yes,12 - 14 MFEATHER,H39,B,H33,R,,,,,,
1,KYORUGI CLASS B,Day1/KYORUGI CLASS B TM LIST.pdf,35,TAIPING TAEKWONDO CLUB,012,MUHAMMAD IRFAN FIRAS BIN MOHAME...,yes,12 - 14 MFEATHER,H39,R,H34,R,,,,,,
1,KYORUGI CLASS B,Day1/KYORUGI CLASS B TM LIST.pdf,35,TAIPING TAEKWONDO CLUB,041,MUHAMMAD RAYYAN BIN MUHAMMAD R...,yes,12 - 14 MLIGHT,H41,B,H37,B,,,,,,
1,KYORUGI CLASS B,Day1/KYORUGI CLASS B TM LIST.pdf,35,TAIPING TAEKWONDO CLUB,055,ADAM DANIYAL BIN MOHD KHAIRUL FI...,yes,12 - 14 MMIDDLE,H54,B,H51,B,,,,,,
1,KYORUGI CLASS B,Day1/KYORUGI CLASS B TM LIST.pdf,35,TAIPING TAEKWONDO CLUB,059,HEASIKAN A/L JAYASEELAN,no,12 - 14 MWELTER,H47,B,H43,R,,,,,,
1,KYORUGI CLASS B,Day1/KYORUGI CLASS B TM LIST.pdf,35,TAIPING TAEKWONDO CLUB,072,ABDUL BASIT BIN MD RAMLY,no,15 - 17 MHEAVY,H65,B,H60,R,,,,,,
1,KYORUGI CLASS B,Day1/KYORUGI CLASS B TM LIST.pdf,35,TAIPING TAEKWONDO CLUB,085,AMMAR HAZIQ BIN NORHAZLY,no,9 - 11 MBANTAM,E21,R,E16,R,,,,,,
1,KYORUGI CLASS B,Day1/KYORUGI CLASS B TM LIST.pdf,35,TAIPING TAEKWONDO CLUB,086,MUHAMMAD AQIL QAYYIM BIN MOHAMA...,yes,9 - 11 MBANTAM,E21,R,E16,B,,,,,,
1,KYORUGI CLASS B,Day1/KYORUGI CLASS B TM LIST.pdf,35,TAIPING TAEKWONDO CLUB,087,RAJA ZAHIN SHAH BIN RAJA MUHAMMA...,yes,9 - 11 MBANTAM,E21,B,E15,R,,,,,,
1,KYORUGI CLASS B,Day1/KYORUGI CLASS B TM LIST.pdf,35,TAIPING TAEKWONDO CLUB,088,AISY KAUTSAR BIN MOHAMAD AMIRUL ...,yes,9 - 11 MBANTAM,E21,B,E15,B,,,,,,
1,KYORUGI CLASS B,Day1/KYORUGI CLASS B TM LIST.pdf,35,TAIPING TAEKWONDO CLUB,089,MUHAMMAD SHAQUEL HAIDAR BIN MO...,yes,9 - 11 MBANTAM2,E22,B,E17,R,,,,,,
1,KYORUGI CLASS B,Day1/KYORUGI CLASS B TM LIST.pdf,35,TAIPING TAEKWONDO CLUB,091,MUHAMMAD AISAR BIN MOHD FAHMI,no,9 - 11 MBANTAM2,E22,R,E18,R,,,,,,
1,KYORUGI CLASS B,Day1/KYORUGI CLASS B TM LIST.pdf,35,TAIPING TAEKWONDO CLUB,093,EUSOFF ILMAN BIN MOHD ASYRAF,no,9 - 11 MBANTAM3,E23,R,E20,R,,,,,,
1,KYORUGI CLASS B,Day1/KYORUGI CLASS B TM LIST.pdf,35,TAIPING TAEKWONDO CLUB,105,MUHAMMAD AIMAN YUSUF BIN MOHD R...,yes,9 - 11 MFEATHER,E32,B,E28,R,,,,,,
1,KYORUGI CLASS B,Day1/KYORUGI CLASS B TM LIST.pdf,35,TAIPING TAEKWONDO CLUB,106,MUHAMMAD FIRAS ARYAN BIN MOHAM...,yes,9 - 11 MFEATHER,E32,R,E29,R,,,,,,
1,KYORUGI CLASS B,Day1/KYORUGI CLASS B TM LIST.pdf,35,TAIPING TAEKWONDO CLUB,107,MUHAMMAD AIDIL BIN LUT,no,9 - 11 MFEATHER,E32,R,E29,B,,,,,,
1,KYORUGI CLASS B,Day1/KYORUGI CLASS B TM LIST.pdf,35,TAIPING TAEKWONDO CLUB,133,MUHAMMAD ARYAN NUR HAFIY BIN SU...,yes,9 - 11 MFLY,E07,R,E03,B,,,,,,
1,KYORUGI CLASS B,Day1/KYORUGI CLASS B TM LIST.pdf,35,TAIPING TAEKWONDO CLUB,134,MUHAMMAD SYAZWAN SYAHMI BIN SH...,yes,9 - 11 MFLY,E07,B,E02,B,,,,,,
1,KYORUGI CLASS B,Day1/KYORUGI CLASS B TM LIST.pdf,35,TAIPING TAEKWONDO CLUB,135,RAJA ZIQRI SHAH BIN RAJA MUHAMMA...,yes,9 - 11 MFLY,E07,B,E02,R,,,,,,
1,KYORUGI CLASS B,Day1/KYORUGI CLASS B TM LIST.pdf,35,TAIPING TAEKWONDO CLUB,149,MUHAMMAD FAWWAZ MIRZA BIN MOH...,yes,9 - 11 MHEAVY,G55,R,G50,R,,,,,,
1,KYORUGI CLASS B,Day1/KYORUGI CLASS B TM LIST.pdf,35,TAIPING TAEKWONDO CLUB,150,MUHAMMAD IZZUL DANIYAL BIN SAIPO...,yes,9 - 11 MHEAVY,G55,B,G49,R,,,,,,
1,KYORUGI CLASS B,Day1/KYORUGI CLASS B TM LIST.pdf,35,TAIPING TAEKWONDO CLUB,153,MUHAMMAD AMSYAR BIN MOHAMMAD ...,yes,9 - 11 MHEAVY2,G56,B,G51,R,,,,,,
1,KYORUGI CLASS B,Day1/KYORUGI CLASS B TM LIST.pdf,35,TAIPING TAEKWONDO CLUB,154,ADAM SUHAIL SYAHMIN BIN SHAH AZW...,yes,9 - 11 MHEAVY2,G56,R,G52,B,,,,,,
1,KYORUGI CLASS B,Day1/KYORUGI CLASS B TM LIST.pdf,35,TAIPING TAEKWONDO CLUB,155,MUHAMMAD DZAR ADHA BIN MOHD SU...,yes,9 - 11 MHEAVY2,G56,R,G52,R,,,,,,
1,KYORUGI CLASS B,Day1/KYORUGI CLASS B TM LIST.pdf,35,TAIPING TAEKWONDO CLUB,178,MUHAMMAD HARRAZ MUAYYAD BIN AB...,yes,9 - 11 MLIGHT,E50,B,E46,B,,,,,,
1,KYORUGI CLASS B,Day1/KYORUGI CLASS B TM LIST.pdf,35,TAIPING TAEKWONDO CLUB,180,NAGGULAN A/L SATTIAH,no,9 - 11 MLIGHT,E50,R,E47,B,,,,,,
1,KYORUGI CLASS B,Day1/KYORUGI CLASS B TM LIST.pdf,35,TAIPING TAEKWONDO CLUB,195,MUHAMMAD ILMAN WAFIY BIN MOHAM...,yes,9 - 11 MMIDDLE,G46,B,G41,B,,,,,,
1,KYORUGI CLASS B,Day1/KYORUGI CLASS B TM LIST.pdf,35,TAIPING TAEKWONDO CLUB,206,MUHAMMAD UZAIR BIN AHMAD ZUHAIRI,no,9 - 11 MWELTER,G38,R,G33,B,,,,,,
1,KYORUGI CLASS B,Day1/KYORUGI CLASS B TM LIST.pdf,35,TAIPING TAEKWONDO CLUB,207,SAIF AKID NAQIUDIN BIN SALEHUDIN,no,9 - 11 MWELTER,G38,B,G32,B,,,,,,
1,KYORUGI CLASS B,Day1/KYORUGI CLASS B TM LIST.pdf,35,TAIPING TAEKWONDO CLUB,219,NUR AINA ZAHRA BINTI MUHAMMAD ZA...,yes,12 - 14 FBANTAM,F65,B,F61,R,,,,,,
1,KYORUGI CLASS B,Day1/KYORUGI CLASS B TM LIST.pdf,35,TAIPING TAEKWONDO CLUB,226,NUR AMNIEYA ZULAIKHA BINTI SHAMS...,yes,12 - 14 FFEATHER,F72,B,F67,R,,,,,,
1,KYORUGI CLASS B,Day1/KYORUGI CLASS B TM LIST.pdf,35,TAIPING TAEKWONDO CLUB,228,NUR DAMIA HUSNA BINTI MOHD YATIM,no,12 - 14 FFEATHER,F72,R,F68,B,,,,,,
1,KYORUGI CLASS B,Day1/KYORUGI CLASS B TM LIST.pdf,35,TAIPING TAEKWONDO CLUB,229,AISYA QAISARA BINTI MOHD ASYRAF,no,12 - 14 FFEATHER,F72,B,F67,B,,,,,,
1,KYORUGI CLASS B,Day1/KYORUGI CLASS B TM LIST.pdf,35,TAIPING TAEKWONDO CLUB,252,NUR ALYA DAMIA BINTI MOHAMAD HAFIZ,no,12 - 14 FHEAVY,H31,B,H25,B,,,,,,
1,KYORUGI CLASS B,Day1/KYORUGI CLASS B TM LIST.pdf,35,TAIPING TAEKWONDO CLUB,259,NUR HUMAIRAH SHAMELIA BINTI SHAM...,yes,12 - 14 FLIGHT,G76,B,G70,B,,,,,,
1,KYORUGI CLASS B,Day1/KYORUGI CLASS B TM LIST.pdf,36,TAIPING TAEKWONDO CLUB,260,NUR AISY IMAN BINTI HAMDI,no,12 - 14 FLIGHT,G76,R,G71,B,,,,,,
1,KYORUGI CLASS B,Day1/KYORUGI CLASS B TM LIST.pdf,36,TAIPING TAEKWONDO CLUB,267,NUR ANIS ZAHRA BINTI AHMAD SHAHR...,yes,12 - 14 FLIGHT3,G78,R,G75,R,,,,,,
1,KYORUGI CLASS B,Day1/KYORUGI CLASS B TM LIST.pdf,36,TAIPING TAEKWONDO CLUB,280,NUHA AULIA BINTI MOHD SUKRI,no,12 - 14 FLIGHT HEAVY,H30,R,,,,,,,,
1,KYORUGI CLASS B,Day1/KYORUGI CLASS B TM LIST.pdf,36,TAIPING TAEKWONDO CLUB,282,NUR IMAN BINTI ABDUL MU'IZ,no,12 - 14 FLIGHT MIDDLE,H20,R,H16,B,,,,,,
1,KYORUGI CLASS B,Day1/KYORUGI CLASS B TM LIST.pdf,36,TAIPING TAEKWONDO CLUB,290,HAJAR NUR QAISARA BINTI ISHAK,no,12 - 14 FMIDDLE,H28,B,H22,B,,,,,,
1,KYORUGI CLASS B,Day1/KYORUGI CLASS B TM LIST.pdf,36,TAIPING TAEKWONDO CLUB,298,SITI NUR ALIYA ZULFA BINTI MOHD HA...,yes,12 - 14 FWELTER,H11,B,H07,R,,,,,,
1,KYORUGI CLASS B,Day1/KYORUGI CLASS B TM LIST.pdf,36,TAIPING TAEKWONDO CLUB,299,WAN NUR SAFA QASRINA BINTI MEOR ...,yes,12 - 14 FWELTER,H11,R,H08,B,,,,,,
1,KYORUGI CLASS B,Day1/KYORUGI CLASS B TM LIST.pdf,36,TAIPING TAEKWONDO CLUB,300,NUR ALYA HUMAYRA BINTI MOHAMAD ...,yes,12 - 14 FWELTER,H11,R,H08,R,,,,,,
1,KYORUGI CLASS B,Day1/KYORUGI CLASS B TM LIST.pdf,36,TAIPING TAEKWONDO CLUB,312,NUR AZWA DAMIA BINTI AZRUL HISHAM,no,15 - 17 FFEATHER,H79,B,H75,R,,,,,,
1,KYORUGI CLASS B,Day1/KYORUGI CLASS B TM LIST.pdf,36,TAIPING TAEKWONDO CLUB,315,ULYA BINTI MOHD FAHMI,no,15 - 17 FFIN,H69,B,H66,R,,,,,,
1,KYORUGI CLASS B,Day1/KYORUGI CLASS B TM LIST.pdf,36,TAIPING TAEKWONDO CLUB,320,NUR ZARIFAH NABIHAH BINTI ABDUL R...,yes,15 - 17 FFLY,H70,B,H67,R,,,,,,
1,KYORUGI CLASS B,Day1/KYORUGI CLASS B TM LIST.pdf,36,TAIPING TAEKWONDO CLUB,326,WAN NUR SAFIYA QISTINA BIN MEOR M...,yes,15 - 17 FWELTER,H62,R,,,,,,,,
1,KYORUGI CLASS B,Day1/KYORUGI CLASS B TM LIST.pdf,36,TAIPING TAEKWONDO CLUB,329,SOFEA KHALEELA BINTI MOHAMAD HAFIZ,no,9 - 11 FBANTAM,F09,R,F06,B,,,,,,
1,KYORUGI CLASS B,Day1/KYORUGI CLASS B TM LIST.pdf,36,TAIPING TAEKWONDO CLUB,330,NUR AISYAH BINTI RIZAL SHAM,no,9 - 11 FBANTAM,F09,B,F05,R,,,,,,
1,KYORUGI CLASS B,Day1/KYORUGI CLASS B TM LIST.pdf,36,TAIPING TAEKWONDO CLUB,339,NUR DARWISYAH MAISARAH BINTI MO...,yes,9 - 11 FFEATHER,F16,B,F12,R,,,,,,
1,KYORUGI CLASS B,Day1/KYORUGI CLASS B TM LIST.pdf,36,TAIPING TAEKWONDO CLUB,340,AMANDA SALSABILA BINTI MOHAMAD A...,yes,9 - 11 FFEATHER,F16,R,F13,R,,,,,,
1,KYORUGI CLASS B,Day1/KYORUGI CLASS B TM LIST.pdf,36,TAIPING TAEKWONDO CLUB,354,UZWA HANIS AL SULAYHI BINTI ABD H...,yes,9 - 11 FFLY,F07,R,F02,B,,,,,,
1,KYORUGI CLASS B,Day1/KYORUGI CLASS B TM LIST.pdf,36,TAIPING TAEKWONDO CLUB,355,HAYFA IZZATUL HAURA BINTI MOHD IZ...,yes,9 - 11 FFLY,F07,B,F01,R,,,,,,
1,KYORUGI CLASS B,Day1/KYORUGI CLASS B TM LIST.pdf,36,TAIPING TAEKWONDO CLUB,363,NUR ALTHEA BINTI MOHAMAD SHAFARI,no,9 - 11 FHEAVY,G16,R,G13,B,,,,,,
1,KYORUGI CLASS B,Day1/KYORUGI CLASS B TM LIST.pdf,36,TAIPING TAEKWONDO CLUB,364,NORZAHRA UMAIRA BINTI ZULHELMI,no,9 - 11 FHEAVY,G16,B,G12,R,,,,,,
1,KYORUGI CLASS B,Day1/KYORUGI CLASS B TM LIST.pdf,36,TAIPING TAEKWONDO CLUB,366,DEWI AULIANA BINTI MEGAT MAT AKHIR,no,9 - 11 FHEAVY2,G23,B,G17,B,,,,,,
1,KYORUGI CLASS B,Day1/KYORUGI CLASS B TM LIST.pdf,36,TAIPING TAEKWONDO CLUB,386,SOFEA AZZAHRA BINTI MOHAMAD SHA...,yes,9 - 11 FLIGHT,F30,R,F25,B,,,,,,
1,KYORUGI CLASS B,Day1/KYORUGI CLASS B TM LIST.pdf,36,TAIPING TAEKWONDO CLUB,387,NUR FALISHA HUDA BINTI ROZAIDI,no,9 - 11 FLIGHT,F30,B,F24,B,,,,,,
1,KYORUGI CLASS B,Day1/KYORUGI CLASS B TM LIST.pdf,36,TAIPING TAEKWONDO CLUB,388,NUR IZZARA AULIYA BINTI MOHD KHAI...,yes,9 - 11 FLIGHT,F30,B,F24,R,,,,,,
1,KYORUGI CLASS B,Day1/KYORUGI CLASS B TM LIST.pdf,36,TAIPING TAEKWONDO CLUB,390,NURUL IZZARA AYUNI BINTI CHE MOHD...,yes,9 - 11 FLIGHT2,F31,B,F26,B,,,,,,
1,KYORUGI CLASS B,Day1/KYORUGI CLASS B TM LIST.pdf,36,TAIPING TAEKWONDO CLUB,424,NURUL ADYRA AZZAHRA BINTI BRAHIM,no,9 - 11 FWELTER,F41,R,F38,R,,,,,,
1,KYORUGI CLASS B,Day1/KYORUGI CLASS B TM LIST.pdf,37,TAIPING TAEKWONDO CLUB (FIRDAUS),152,MUHAMMAD ARIF THALHAH BIN MOHD ...,yes,9 - 11 MHEAVY,G55,B,G49,B,,,,,,
1,KYORUGI CLASS B,Day1/KYORUGI CLASS B TM LIST.pdf,37,TAIPING TAEKWONDO CLUB (FIRDAUS),391,NUR FAIHA AISH SYIFA BINTI MOHD HA...,yes,9 - 11 FLIGHT2,F31,R,F27,B,,,,,,
1,KYORUGI CLASS B,Day1/KYORUGI CLASS B TM LIST.pdf,38,TEMATA,010,AMIERILSYAH NUR IMAN BIN SAHMUDIAN,no,12 - 14 MFEATHER,H39,R,H34,B,,,,,,
1,KYORUGI CLASS B,Day1/KYORUGI CLASS B TM LIST.pdf,38,TEMATA,042,Ahmad Muhamad bin Muhamad Noridzwan,no,12 - 14 MLIGHT,H41,R,H38,R,,,,,,
1,KYORUGI CLASS B,Day1/KYORUGI CLASS B TM LIST.pdf,38,TEMATA,050,MUHAMAD AIDEN SHAHREN BIN MUHA...,yes,12 - 14 MLIGHT MIDDLE,H49,B,H44,R,,,,,,
1,KYORUGI CLASS B,Day1/KYORUGI CLASS B TM LIST.pdf,38,TEMATA,064,MUHAMMAD DANISH HAIQAL BIN ADNAN,no,15 - 17 MBANTAM,H80,R,H77,R,,,,,,
1,KYORUGI CLASS B,Day1/KYORUGI CLASS B TM LIST.pdf,38,TEMATA,108,FIRAS AMZAR BIN MOHD AZUAN AFFANDI,no,9 - 11 MFEATHER,E32,B,E28,B,,,,,,
1,KYORUGI CLASS B,Day1/KYORUGI CLASS B TM LIST.pdf,38,TEMATA,121,MUHAMMAD ADAM AZFAR BIN AZHAR,no,9 - 11 MFEATHER5,E48,B,E42,B,,,,,,
1,KYORUGI CLASS B,Day1/KYORUGI CLASS B TM LIST.pdf,38,TEMATA,151,MUHAMMAD EMIR FAIQ BIN SHAHRUL A...,yes,9 - 11 MHEAVY,G55,R,G50,B,,,,,,
1,KYORUGI CLASS B,Day1/KYORUGI CLASS B TM LIST.pdf,38,TEMATA,166,MUHAMAD AMIRUDIN LUQMAN BIN HAI...,yes,9 - 11 MHEAVY5,G64,R,G61,B,,,,,,
1,KYORUGI CLASS B,Day1/KYORUGI CLASS B TM LIST.pdf,38,TEMATA,263,NUR FATEEN FATHIYAH BINTI SAMSUL ...,yes,12 - 14 FLIGHT2,G77,B,G72,B,,,,,,
1,KYORUGI CLASS B,Day1/KYORUGI CLASS B TM LIST.pdf,38,TEMATA,264,RHEYA A/P HARIKUMAR,no,12 - 14 FLIGHT2,G77,R,G73,B,,,,,,
1,KYORUGI CLASS B,Day1/KYORUGI CLASS B TM LIST.pdf,39,WARRIORS SPEED POWER,014,MUHAMMAD FARIS KHALEED BIN MOHD...,yes,12 - 14 MFEATHER2,H40,B,H35,B,,,,,,
1,KYORUGI CLASS B,Day1/KYORUGI CLASS B TM LIST.pdf,39,WARRIORS SPEED POWER,017,Nazeef Zahin Bin Zaidil Fitri,no,12 - 14 MFEATHER2,H40,R,H36,B,,,,,,
1,KYORUGI CLASS B,Day1/KYORUGI CLASS B TM LIST.pdf,39,WARRIORS SPEED POWER,024,Muhammad afiq arifin bin khairul arifin,no,12 - 14 MFIN2,E66,R,E63,B,,,,,,
1,KYORUGI CLASS B,Day1/KYORUGI CLASS B TM LIST.pdf,39,WARRIORS SPEED POWER,025,MEOR HARRAZ ARIQ BIN MEOR HADRI,no,12 - 14 MFIN2,E66,B,E62,B,,,,,,
1,KYORUGI CLASS B,Day1/KYORUGI CLASS B TM LIST.pdf,39,WARRIORS SPEED POWER,031,AKMAL ASYRAF BIN DINO,no,12 - 14 MFLY2,F51,B,F48,R,,,,,,
1,KYORUGI CLASS B,Day1/KYORUGI CLASS B TM LIST.pdf,39,WARRIORS SPEED POWER,032,SYAFIQ HAIKAL BIN DINO,no,12 - 14 MFLY3,F52,B,F49,R,,,,,,
1,KYORUGI CLASS B,Day1/KYORUGI CLASS B TM LIST.pdf,39,WARRIORS SPEED POWER,033,MUHAMAD AMMAR AMSYAR BIN MOHAM...,yes,12 - 14 MFLY3,F52,R,,,,,,,,
1,KYORUGI CLASS B,Day1/KYORUGI CLASS B TM LIST.pdf,39,WARRIORS SPEED POWER,039,ZAHRAN MUKHRIZ BIN SHAHRUL NAZHAR,no,12 - 14 MHEAVY2,H57,B,,,,,,,,
1,KYORUGI CLASS B,Day1/KYORUGI CLASS B TM LIST.pdf,39,WARRIORS SPEED POWER,063,MUHAMMAD SAFWAN AFHAM BIN HALIM,no,12 - 14 MWELTER2,H48,R,,,,,,,,
1,KYORUGI CLASS B,Day1/KYORUGI CLASS B TM LIST.pdf,39,WARRIORS SPEED POWER,104,Abdul Rahman Auf bin Mohd Hakimi,no,9 - 11 MBANTAM5,E31,B,E26,B,,,,,,
1,KYORUGI CLASS B,Day1/KYORUGI CLASS B TM LIST.pdf,39,WARRIORS SPEED POWER,115,AHMAD FAIZ BIN AHMAD FAID,no,9 - 11 MFEATHER3,E40,B,E35,R,,,,,,
1,KYORUGI CLASS B,Day1/KYORUGI CLASS B TM LIST.pdf,39,WARRIORS SPEED POWER,116,AHMAD FAYYAD MIKAIL BIN AHMAD FAID,no,9 - 11 MFEATHER3,E40,R,E36,B,,,,,,
1,KYORUGI CLASS B,Day1/KYORUGI CLASS B TM LIST.pdf,39,WARRIORS SPEED POWER,126,Naqiuddin Amin Bin Zainul Azhar,no,9 - 11 MFEATHER6,E49,R,E45,B,,,,,,
1,KYORUGI CLASS B,Day1/KYORUGI CLASS B TM LIST.pdf,39,WARRIORS SPEED POWER,127,Muhammad Noor Razi bin Noor Hanizam,no,9 - 11 MFEATHER6,E49,B,E44,B,,,,,,
1,KYORUGI CLASS B,Day1/KYORUGI CLASS B TM LIST.pdf,39,WARRIORS SPEED POWER,148,MUHAMMAD DAYYAN HARRAZ BIN HAS...,yes,9 - 11 MFLY5,E14,B,E11,R,,,,,,
1,KYORUGI CLASS B,Day1/KYORUGI CLASS B TM LIST.pdf,39,WARRIORS SPEED POWER,177,Muhammad Umar bin Abdul Fattaah,no,9 - 11 MHEAVY8,G69,B,G67,B,,,,,,
1,KYORUGI CLASS B,Day1/KYORUGI CLASS B TM LIST.pdf,39,WARRIORS SPEED POWER,190,MUHAMMAD AFFAN NAHDAN BIN MUHA...,yes,9 - 11 MLIGHT4,E58,B,E54,B,,,,,,
1,KYORUGI CLASS B,Day1/KYORUGI CLASS B TM LIST.pdf,39,WARRIORS SPEED POWER,191,MUHAMMAD AMMAR ADAMI BIN JOHAN,no,9 - 11 MLIGHT4,E58,R,,,,,,,,
1,KYORUGI CLASS B,Day1/KYORUGI CLASS B TM LIST.pdf,39,WARRIORS SPEED POWER,192,MUHD IZZ ZUHAYR LUTHFI BIN MUHAM...,yes,9 - 11 MLIGHT5,E59,R,,,,,,,,
1,KYORUGI CLASS B,Day1/KYORUGI CLASS B TM LIST.pdf,39,WARRIORS SPEED POWER,193,MUHAMMAD KU HELMI KU SYAIRI BIN ...,yes,9 - 11 MLIGHT5,E59,B,E55,B,,,,,,
1,KYORUGI CLASS B,Day1/KYORUGI CLASS B TM LIST.pdf,39,WARRIORS SPEED POWER,194,MUHAMMAD ANAS FAIZ BIN ABDUL HA...,yes,9 - 11 MLIGHT5,E59,B,E55,R,,,,,,
1,KYORUGI CLASS B,Day1/KYORUGI CLASS B TM LIST.pdf,39,WARRIORS SPEED POWER,204,.MEOR AKIF MUHAMMAD BIN MEOR MA...,yes,9 - 11 MMIDDLE3,G48,R,,,,,,,,
1,KYORUGI CLASS B,Day1/KYORUGI CLASS B TM LIST.pdf,39,WARRIORS SPEED POWER,216,MUHAMMAD ADAM KHUSYAIRI BIN KAM...,yes,9 - 11 MWELTER3,G40,R,G37,B,,,,,,
1,KYORUGI CLASS B,Day1/KYORUGI CLASS B TM LIST.pdf,39,WARRIORS SPEED POWER,217,AYYASH BIN AZIZUL RAHMAN,no,9 - 11 MWELTER3,G40,B,G36,B,,,,,,
1,KYORUGI CLASS B,Day1/KYORUGI CLASS B TM LIST.pdf,39,WARRIORS SPEED POWER,220,QASEH NURAIRIS SOFEA BINTI ZULKHA...,yes,12 - 14 FBANTAM,F65,B,F61,B,,,,,,
1,KYORUGI CLASS B,Day1/KYORUGI CLASS B TM LIST.pdf,39,WARRIORS SPEED POWER,223,NUR HANI ADRIANA BINTI MOHAMAD I...,yes,12 - 14 FBANTAM2,F71,R,,,,,,,,
1,KYORUGI CLASS B,Day1/KYORUGI CLASS B TM LIST.pdf,39,WARRIORS SPEED POWER,224,ASMAA ZULFAH BINTI AZIZUL RAHMAN,no,12 - 14 FBANTAM2,F71,B,F66,R,,,,,,
1,KYORUGI CLASS B,Day1/KYORUGI CLASS B TM LIST.pdf,39,WARRIORS SPEED POWER,225,NUR SAIDAH HANISAH BINTI MOHD HA...,yes,12 - 14 FBANTAM2,F71,B,F66,B,,,,,,
1,KYORUGI CLASS B,Day1/KYORUGI CLASS B TM LIST.pdf,39,WARRIORS SPEED POWER,245,NUR SAKINAH HUDA BINTI MOHD HAID...,yes,12 - 14 FFLY,F63,R,F59,R,,,,,,
1,KYORUGI CLASS B,Day1/KYORUGI CLASS B TM LIST.pdf,39,WARRIORS SPEED POWER,257,NUR DAMIA ZAHRA BINTI JOHAN,no,12 - 14 FHEAVY2,H32,B,H27,B,,,,,,
1,KYORUGI CLASS B,Day1/KYORUGI CLASS B TM LIST.pdf,39,WARRIORS SPEED POWER,277,NUR SUFIAH ALIA BINTI KHAIRUL NIZAM,no,12 - 14 FLIGHT6,H06,B,H03,R,,,,,,
1,KYORUGI CLASS B,Day1/KYORUGI CLASS B TM LIST.pdf,39,WARRIORS SPEED POWER,286,NUR AIRIS SAFIYA BINTI ABDUL NUR,no,12 - 14 FLIGHT MIDDLE2,H21,R,H18,B,,,,,,
1,KYORUGI CLASS B,Day1/KYORUGI CLASS B TM LIST.pdf,39,WARRIORS SPEED POWER,287,NUR SOFIA ALIA BINTI KHAIRUL NIZAM,no,12 - 14 FLIGHT MIDDLE2,H21,B,H17,R,,,,,,
1,KYORUGI CLASS B,Day1/KYORUGI CLASS B TM LIST.pdf,39,WARRIORS SPEED POWER,296,ZAHRA YASMIN BINTI SHAHRUL NAZHAR,no,12 - 14 FMIDDLE2,H29,B,H24,R,,,,,,
1,KYORUGI CLASS B,Day1/KYORUGI CLASS B TM LIST.pdf,39,WARRIORS SPEED POWER,308,HUMAIRA AMANI BINTI HAZROL NIZAM,no,12 - 14 FWELTER4,H19,R,,,,,,,,
1,KYORUGI CLASS B,Day1/KYORUGI CLASS B TM LIST.pdf,39,WARRIORS SPEED POWER,309,NOOR AIRISH FARISHA BINTI MOHD FA...,yes,12 - 14 FWELTER4,H19,B,H14,B,,,,,,
1,KYORUGI CLASS B,Day1/KYORUGI CLASS B TM LIST.pdf,39,WARRIORS SPEED POWER,314,Nur Hani Iman binti Hazli Ridzam,no,15 - 17 FFEATHER,H79,R,,,,,,,,
1,KYORUGI CLASS B,Day1/KYORUGI CLASS B TM LIST.pdf,40,WARRIORS SPEED POWER,324,AMANI QAISARA BINTI MAZLAN SHARIP,no,15 - 17 FLIGHT MIDDLE,,,,,,,,,,
1,KYORUGI CLASS B,Day1/KYORUGI CLASS B TM LIST.pdf,40,WARRIORS SPEED POWER,338,MEDINA MIQAILA BINTI MUHAMMAD NI...,yes,9 - 11 FBANTAM3,F15,B,F11,B,,,,,,
1,KYORUGI CLASS B,Day1/KYORUGI CLASS B TM LIST.pdf,40,WARRIORS SPEED POWER,345,NUR ZARA HAFIYA BINTI JOHARI,no,9 - 11 FFEATHER2,F21,B,F17,R,,,,,,
1,KYORUGI CLASS B,Day1/KYORUGI CLASS B TM LIST.pdf,40,WARRIORS SPEED POWER,346,MAKAYLA HAMANI IRDINA BINTI MOHD...,yes,9 - 11 FFEATHER2,F21,R,F18,R,,,,,,
1,KYORUGI CLASS B,Day1/KYORUGI CLASS B TM LIST.pdf,40,WARRIORS SPEED POWER,349,"""SYARIFAH HUMAIRA AL-ZAHRA BINTI ...",yes,9 - 11 FFEATHER3,F22,B,F19,B,,,,,,
1,KYORUGI CLASS B,Day1/KYORUGI CLASS B TM LIST.pdf,40,WARRIORS SPEED POWER,350,NURAMARA RAISYA BT MUHAMAD HAS...,yes,9 - 11 FFEATHER4,F23,B,F20,R,,,,,,
1,KYORUGI CLASS B,Day1/KYORUGI CLASS B TM LIST.pdf,40,WARRIORS SPEED POWER,351,NUR SARAH AMINA BINTI ZAIDIL FITRI,no,9 - 11 FFEATHER4,F23,R,,,,,,,,
1,KYORUGI CLASS B,Day1/KYORUGI CLASS B TM LIST.pdf,40,WARRIORS SPEED POWER,383,NUR AISYA AZZAHRA BT. MOHAMMAD ...,yes,9 - 11 FHEAVY7,G31,B,G28,R,,,,,,
1,KYORUGI CLASS B,Day1/KYORUGI CLASS B TM LIST.pdf,40,WARRIORS SPEED POWER,404,NUR SAFFIYA MEDINA BT RUHDI,no,9 - 11 FLIGHT5,F40,B,F35,R,,,,,,
1,KYORUGI CLASS B,Day1/KYORUGI CLASS B TM LIST.pdf,40,WARRIORS SPEED POWER,405,NUR AILEEN SOFEA BINTI MUHAMAD R...,yes,9 - 11 FLIGHT5,F40,R,F36,R,,,,,,
1,KYORUGI CLASS B,Day1/KYORUGI CLASS B TM LIST.pdf,40,WARRIORS SPEED POWER,411,GRACE A/P LOREN,no,9 - 11 FMIDDLE2,G08,R,G04,R,,,,,,
1,KYORUGI CLASS B,Day1/KYORUGI CLASS B TM LIST.pdf,40,WARRIORS SPEED POWER,417,RAIHANA HUDA BINTI RASHIDI,no,9 - 11 FMIDDLE3,G09,R,G06,R,,,,,,
1,KYORUGI CLASS B,Day1/KYORUGI CLASS B TM LIST.pdf,40,WARRIORS SPEED POWER,418,QASEH AZZAHRA BT MOHD ZURAIMI,no,9 - 11 FMIDDLE4,G14,B,G10,R,,,,,,
1,KYORUGI CLASS B,Day1/KYORUGI CLASS B TM LIST.pdf,40,WARRIORS SPEED POWER,419,ARYAANA SOFIA BINTI MOHD REEDZA,no,9 - 11 FMIDDLE4,G14,B,G10,B,,,,,,
1,KYORUGI CLASS B,Day1/KYORUGI CLASS B TM LIST.pdf,40,WARRIORS SPEED POWER,420,DHIA' LAILA SOFFIYA BINTI ABDUL MU'IZ,no,9 - 11 FMIDDLE4,G14,R,,,,,,,,
1,KYORUGI CLASS B,Day1/KYORUGI CLASS B TM LIST.pdf,41,Wira MAS Perak,006,RAJKUMAR MUNIANDY,no,12 - 14 MBANTAM2,F56,B,F54,R,,,,,,
1,KYORUGI CLASS B,Day1/KYORUGI CLASS B TM LIST.pdf,41,Wira MAS Perak,023,ARIF ISKANDAR IDRUS BIN ABDUL RAHIM,no,12 - 14 MFIN2,E66,B,E62,R,,,,,,
1,KYORUGI CLASS B,Day1/KYORUGI CLASS B TM LIST.pdf,41,Wira MAS Perak,044,Puvinraj Humesan,no,12 - 14 MLIGHT2,H46,B,H42,R,,,,,,
1,KYORUGI CLASS B,Day1/KYORUGI CLASS B TM LIST.pdf,41,Wira MAS Perak,071,Sanjevan Gobbynathan,no,15 - 17 MFLY,H73,B,,,,,,,,
1,KYORUGI CLASS B,Day1/KYORUGI CLASS B TM LIST.pdf,41,Wira MAS Perak,073,charvin Matthew,no,15 - 17 MHEAVY,H65,R,,,,,,,,
1,KYORUGI CLASS B,Day1/KYORUGI CLASS B TM LIST.pdf,41,Wira MAS Perak,097,VHISWANATTH SHANMUGAM,no,9 - 11 MBANTAM4,E30,R,E25,R,,,,,,
1,KYORUGI CLASS B,Day1/KYORUGI CLASS B TM LIST.pdf,41,Wira MAS Perak,119,HARRAZ UMAR ABDULLAH BIN ABDULL...,yes,9 - 11 MFEATHER4,E41,R,E38,B,,,,,,
1,KYORUGI CLASS B,Day1/KYORUGI CLASS B TM LIST.pdf,41,Wira MAS Perak,164,ARRIWINSAI YUGANATHAN,no,9 - 11 MHEAVY4,G63,B,G58,R,,,,,,
1,KYORUGI CLASS B,Day1/KYORUGI CLASS B TM LIST.pdf,41,Wira MAS Perak,165,HENNRY YEAP ZIIN,no,9 - 11 MHEAVY5,G64,B,G60,B,,,,,,
1,KYORUGI CLASS B,Day1/KYORUGI CLASS B TM LIST.pdf,41,Wira MAS Perak,200,MUHAMMAD YAHYA RIZQIN BIN RAZUKI,no,9 - 11 MMIDDLE2,G47,B,G43,R,,,,,,
1,KYORUGI CLASS B,Day1/KYORUGI CLASS B TM LIST.pdf,41,Wira MAS Perak,201,AGILESHAN YATHAVAKUMAR,no,9 - 11 MMIDDLE2,G47,R,G44,B,,,,,,
1,KYORUGI CLASS B,Day1/KYORUGI CLASS B TM LIST.pdf,41,Wira MAS Perak,202,LOGAASHAKTIYAN SUGENDERAN,no,9 - 11 MMIDDLE2,G47,B,G43,B,,,,,,
1,KYORUGI CLASS B,Day1/KYORUGI CLASS B TM LIST.pdf,41,Wira MAS Perak,212,POVEIIN RAJ GOBI,no,9 - 11 MWELTER2,G39,R,G35,R,,,,,,
1,KYORUGI CLASS B,Day1/KYORUGI CLASS B TM LIST.pdf,41,Wira MAS Perak,221,NILAVINI GOBAL,no,12 - 14 FBANTAM,F65,R,F62,R,,,,,,
1,KYORUGI CLASS B,Day1/KYORUGI CLASS B TM LIST.pdf,41,Wira MAS Perak,272,PRITHIKA SIVA RAJA,no,12 - 14 FLIGHT4,H04,R,,,,,,,,
1,KYORUGI CLASS B,Day1/KYORUGI CLASS B TM LIST.pdf,41,Wira MAS Perak,304,DHARSHINI MURUGAN,no,12 - 14 FWELTER3,H13,B,H10,R,,,,,,
1,KYORUGI CLASS B,Day1/KYORUGI CLASS B TM LIST.pdf,41,Wira MAS Perak,305,VENISHA PREM KUMAR,no,12 - 14 FWELTER3,H13,R,,,,,,,,
1,KYORUGI CLASS B,Day1/KYORUGI CLASS B TM LIST.pdf,41,Wira MAS Perak,327,WIDAD NUR ISLAM BT AHMAD KHAIRI,no,15 - 17 FWELTER,H62,B,,,,,,,,
1,KYORUGI CLASS B,Day1/KYORUGI CLASS B TM LIST.pdf,41,Wira MAS Perak,373,PRITIGAA SURES,no,9 - 11 FHEAVY4,G25,B,G21,R,,,,,,
1,KYORUGI CLASS B,Day1/KYORUGI CLASS B TM LIST.pdf,41,Wira MAS Perak,375,Rheyaa Ashlyn Rudinthan,no,9 - 11 FHEAVY4,G25,B,G21,B,,,,,,
1,KYORUGI CLASS B,Day1/KYORUGI CLASS B TM LIST.pdf,41,Wira MAS Perak,376,Ammara Safiya Zefrey,no,9 - 11 FHEAVY4,G25,R,G22,B,,,,,,
1,KYORUGI CLASS B,Day1/KYORUGI CLASS B TM LIST.pdf,41,Wira MAS Perak,413,Methraashini Humesan,no,9 - 11 FMIDDLE2,G08,R,G04,B,,,,,,
1,POOMSAE CARNIVAL,Day1/POOMSAE CARNIVAL TM LIST.pdf,1,ACTION TAEKWONDO R.A TEAM,057,Nur Aqilah Binti Mohamad Noor Hanif,no,12 - 14 FTAEGEUK 7,C81,B,C77,B,,,,,,
1,POOMSAE CARNIVAL,Day1/POOMSAE CARNIVAL TM LIST.pdf,1,ACTION TAEKWONDO R.A TEAM,097,IRIS NUR QUZANDRA AZALEA BINTI SH...,yes,12 - 14 FTAEGEUK 8,C122,R,C119,R,,,,,,
1,POOMSAE CARNIVAL,Day1/POOMSAE CARNIVAL TM LIST.pdf,1,ACTION TAEKWONDO R.A TEAM,102,Aysha Adelia Binti Asyraf,no,12 - 14 FTAEGEUK 8G2,C123,B,C120,B,,,,,,
1,POOMSAE CARNIVAL,Day1/POOMSAE CARNIVAL TM LIST.pdf,1,ACTION TAEKWONDO R.A TEAM,133,RANA FARHA BINTI MOHAMAD RAHIMY,no,12 - 14 FTAEGEUK 8G10,C148,B,C144,B,,,,,,
1,POOMSAE CARNIVAL,Day1/POOMSAE CARNIVAL TM LIST.pdf,1,ACTION TAEKWONDO R.A TEAM,140,IRIS NUR QALESYA ADELYA BINTI SHA...,yes,15 - 17 FKORYO,A149,R,A146,R,,,,,,
1,POOMSAE CARNIVAL,Day1/POOMSAE CARNIVAL TM LIST.pdf,1,ACTION TAEKWONDO R.A TEAM,306,AZKAYRA HUMAIRA BT AHMAD ADAM,no,9 - 11 FTAEGEUK 5,B93,R,B90,B,,,,,,
1,POOMSAE CARNIVAL,Day1/POOMSAE CARNIVAL TM LIST.pdf,1,ACTION TAEKWONDO R.A TEAM,525,Tuah Nufael Bin Jisham,no,6 - 8 MTAEGEUK 3G5,A33,R,,,,,,,,
1,POOMSAE CARNIVAL,Day1/POOMSAE CARNIVAL TM LIST.pdf,2,BEAUFORT TEAKWONDO CLUB,454,MUHAMAD AISH RAFA BIN WANCHIK,no,12 - 14 MTAEGEUK 8G3,C116,B,C113,R,,,,,,
1,POOMSAE CARNIVAL,Day1/POOMSAE CARNIVAL TM LIST.pdf,2,BEAUFORT TEAKWONDO CLUB,480,MUHAMMAD FASHLA MUZAFAR BIN SYA...,yes,15 - 17 MTAEGEUK 5G2,C152,B,,,,,,,,
1,POOMSAE CARNIVAL,Day1/POOMSAE CARNIVAL TM LIST.pdf,3,BRAVO TAEKWONDO CLUB PENANG,056,AFSHAN BINTI NUR SYAFEEQ,no,12 - 14 FTAEGEUK 5G7,C55,B,C52,R,,,,,,
1,POOMSAE CARNIVAL,Day1/POOMSAE CARNIVAL TM LIST.pdf,3,BRAVO TAEKWONDO CLUB PENANG,094,NUR QAIREEN QAISARA BINTI MOHD F...,yes,12 - 14 FTAEGEUK 7G10,C106,R,C104,B,,,,,,
1,POOMSAE CARNIVAL,Day1/POOMSAE CARNIVAL TM LIST.pdf,3,BRAVO TAEKWONDO CLUB PENANG,095,NUR QALESYA LYANA BINTI ABDUL SAM...,yes,12 - 14 FTAEGEUK 7G10,C106,B,C103,B,,,,,,
1,POOMSAE CARNIVAL,Day1/POOMSAE CARNIVAL TM LIST.pdf,3,BRAVO TAEKWONDO CLUB PENANG,137,ANNABELLE KEE,no,12 - 14 FTAEGEUK 8G11,C149,B,C146,R,,,,,,
1,POOMSAE CARNIVAL,Day1/POOMSAE CARNIVAL TM LIST.pdf,3,BRAVO TAEKWONDO CLUB PENANG,155,NUR ALYSYA IDAYU KHAIRUL NIZAM BI...,yes,15 - 17 FKORYOG4,A156,B,A153,R,,,,,,
1,POOMSAE CARNIVAL,Day1/POOMSAE CARNIVAL TM LIST.pdf,3,BRAVO TAEKWONDO CLUB PENANG,346,NURUL HANNAN RANIA BINTI MUHAMM...,yes,9 - 11 FTAEGEUK 5G11,B119,B,B116,R,,,,,,
1,POOMSAE CARNIVAL,Day1/POOMSAE CARNIVAL TM LIST.pdf,3,BRAVO TAEKWONDO CLUB PENANG,389,NUR NAYLI SANIYYA BINTI MOHD NAZRI,no,9 - 11 FTAEGEUK 7G11,B152,R,B149,B,,,,,,
1,POOMSAE CARNIVAL,Day1/POOMSAE CARNIVAL TM LIST.pdf,3,BRAVO TAEKWONDO CLUB PENANG,390,ALYA KHADEEJA BINTI MOHD REDZUAN,no,9 - 11 FTAEGEUK 7G11,B152,B,B148,B,,,,,,
1,POOMSAE CARNIVAL,Day1/POOMSAE CARNIVAL TM LIST.pdf,3,BRAVO TAEKWONDO CLUB PENANG,416,KAVIESH A/L VIKNESWAREN,no,12 - 14 MTAEGEUK 5G2,C37,R,,,,,,,,
1,POOMSAE CARNIVAL,Day1/POOMSAE CARNIVAL TM LIST.pdf,4,BTFC Taekwondo Club,064,IMAN ALEXANDRA BINTI ABDUL MUKMIN,no,12 - 14 FTAEGEUK 7G2,C82,B,C79,B,,,,,,
1,POOMSAE CARNIVAL,Day1/POOMSAE CARNIVAL TM LIST.pdf,4,BTFC Taekwondo Club,105,ZOE BINTI ZEF,no,12 - 14 FTAEGEUK 8G3,C128,B,C124,B,,,,,,
1,POOMSAE CARNIVAL,Day1/POOMSAE CARNIVAL TM LIST.pdf,4,BTFC Taekwondo Club,108,Ayesha Faiza binti Abou Fathil,no,12 - 14 FTAEGEUK 8G3,C128,R,C125,B,,,,,,
1,POOMSAE CARNIVAL,Day1/POOMSAE CARNIVAL TM LIST.pdf,4,BTFC Taekwondo Club,109,HEW YEE XIN,no,12 - 14 FTAEGEUK 8G4,C129,B,C126,R,,,,,,
1,POOMSAE CARNIVAL,Day1/POOMSAE CARNIVAL TM LIST.pdf,4,BTFC Taekwondo Club,110,Amanda Goh,no,12 - 14 FTAEGEUK 8G4,C129,R,C127,R,,,,,,
1,POOMSAE CARNIVAL,Day1/POOMSAE CARNIVAL TM LIST.pdf,4,BTFC Taekwondo Club,145,Chai Chee Hui,no,15 - 17 FKORYOG2,A150,B,A147,R,,,,,,
1,POOMSAE CARNIVAL,Day1/POOMSAE CARNIVAL TM LIST.pdf,4,BTFC Taekwondo Club,190,Ariadna Babintseva,no,6 - 8 FTAEGEUK 1G2,B06,R,B04,B,,,,,,
1,POOMSAE CARNIVAL,Day1/POOMSAE CARNIVAL TM LIST.pdf,4,BTFC Taekwondo Club,308,AARYA AYNA BINTI ARMIN BANIAZ,no,9 - 11 FTAEGEUK 5,B93,R,B90,R,,,,,,
1,POOMSAE CARNIVAL,Day1/POOMSAE CARNIVAL TM LIST.pdf,4,BTFC Taekwondo Club,309,IRENE ALYA BINTI ABDUL MUKMIN,no,9 - 11 FTAEGEUK 5G2,B94,B,B91,B,,,,,,
1,POOMSAE CARNIVAL,Day1/POOMSAE CARNIVAL TM LIST.pdf,4,BTFC Taekwondo Club,357,ALIYA ISABELLA HASHIMI BINTI RAFFI...,yes,9 - 11 FTAEGEUK 7G3,B130,R,B127,R,,,,,,
1,POOMSAE CARNIVAL,Day1/POOMSAE CARNIVAL TM LIST.pdf,4,BTFC Taekwondo Club,358,ZIA BINTI ZEF,no,9 - 11 FTAEGEUK 7G3,B130,B,B126,R,,,,,,
1,POOMSAE CARNIVAL,Day1/POOMSAE CARNIVAL TM LIST.pdf,4,BTFC Taekwondo Club,359,ISABELLE ANNISA BINTI ABDUL MUKMIN,no,9 - 11 FTAEGEUK 7G4,B131,R,B129,B,,,,,,
1,POOMSAE CARNIVAL,Day1/POOMSAE CARNIVAL TM LIST.pdf,4,BTFC Taekwondo Club,360,Hannah Maisarah Binti Azanizam,no,9 - 11 FTAEGEUK 7G4,B131,B,B128,B,,,,,,
1,POOMSAE CARNIVAL,Day1/POOMSAE CARNIVAL TM LIST.pdf,4,BTFC Taekwondo Club,455,Donn Raul Prabhaker,no,12 - 14 MTAEGEUK 8G3,C116,R,,,,,,,,
1,POOMSAE CARNIVAL,Day1/POOMSAE CARNIVAL TM LIST.pdf,4,BTFC Taekwondo Club,464,Jayden Ng Wai Hon,no,15 - 17 MKORYO,C157,R,C154,B,,,,,,
1,POOMSAE CARNIVAL,Day1/POOMSAE CARNIVAL TM LIST.pdf,4,BTFC Taekwondo Club,465,Aryan Faris bin Abou Fathil,no,15 - 17 MKORYOG2,C158,B,C155,B,,,,,,
1,POOMSAE CARNIVAL,Day1/POOMSAE CARNIVAL TM LIST.pdf,4,BTFC Taekwondo Club,528,EMIR ALFIAN,no,6 - 8 MTAEGEUK 5,A36,B,A34,B,,,,,,
1,POOMSAE CARNIVAL,Day1/POOMSAE CARNIVAL TM LIST.pdf,5,CHANGLUN STAR,138,NUR DAMIA ARISSA BINTI MUHAMED N...,yes,12 - 14 FTAEGEUK 8G11,C149,B,C146,B,,,,,,
1,POOMSAE CARNIVAL,Day1/POOMSAE CARNIVAL TM LIST.pdf,5,CHANGLUN STAR,139,NOR AZLYN ZAFIRAH BINTI MUHAMAD ...,yes,12 - 14 FTAEGEUK 8G11,C149,R,,,,,,,,
1,POOMSAE CARNIVAL,Day1/POOMSAE CARNIVAL TM LIST.pdf,5,CHANGLUN STAR,458,MUHAMMAD AZRIL ZHAFRAN BIN MUHA...,yes,12 - 14 MTAEGEUK 8G4,C117,R,C115,B,,,,,,
1,POOMSAE CARNIVAL,Day1/POOMSAE CARNIVAL TM LIST.pdf,6,CLUB TAEKWONDO TNTs,091,YUVANESWARY A/P MANIMARAN,no,12 - 14 FTAEGEUK 7G9,C105,R,C102,R,,,,,,
1,POOMSAE CARNIVAL,Day1/POOMSAE CARNIVAL TM LIST.pdf,6,CLUB TAEKWONDO TNTs,209,TEVASEVA A/P DEVARAJ,no,6 - 8 FTAEGEUK 1G6,B19,B,B15,R,,,,,,
1,POOMSAE CARNIVAL,Day1/POOMSAE CARNIVAL TM LIST.pdf,6,CLUB TAEKWONDO TNTs,397,TARUNEHKAA S.MOHANARAJ,no,9 - 11 FTAEGEUK 8G2,B157,R,,,,,,,,
1,POOMSAE CARNIVAL,Day1/POOMSAE CARNIVAL TM LIST.pdf,6,CLUB TAEKWONDO TNTs,505,SRI INIYAN A/L SRIBABU,no,6 - 8 MTAEGEUK 1G7,A20,B,A18,R,,,,,,
1,POOMSAE CARNIVAL,Day1/POOMSAE CARNIVAL TM LIST.pdf,6,CLUB TAEKWONDO TNTs,557,MHITHIRAN A/L MOGAN,no,9 - 11 MTAEGEUK 1G5,A52,B,A50,B,,,,,,
1,POOMSAE CARNIVAL,Day1/POOMSAE CARNIVAL TM LIST.pdf,7,Club Taekwondo Roza,103,Aisyah Humaira Binti Nizarul Azlan,no,12 - 14 FTAEGEUK 8G2,C123,B,C120,R,,,,,,
1,POOMSAE CARNIVAL,Day1/POOMSAE CARNIVAL TM LIST.pdf,7,Club Taekwondo Roza,159,Nur Qaseh Farisya Binti Ahmad Farhi,no,15 - 17 FTAEGEUK 3,A128,B,A125,B,,,,,,
1,POOMSAE CARNIVAL,Day1/POOMSAE CARNIVAL TM LIST.pdf,7,Club Taekwondo Roza,449,Darrel Iskandar Bin Erwan Shah,no,12 - 14 MTAEGEUK 8,C111,R,C108,B,,,,,,
1,POOMSAE CARNIVAL,Day1/POOMSAE CARNIVAL TM LIST.pdf,7,Club Taekwondo Roza,586,Muhammad Yusuf Bin Nizarul Azlan,no,9 - 11 MTAEGEUK 5G2,A76,B,A73,B,,,,,,
1,POOMSAE CARNIVAL,Day1/POOMSAE CARNIVAL TM LIST.pdf,8,DS TAE KWON DO CLUB,129,HANA QALIYSHA BINTI ROHAIZAD,no,12 - 14 FTAEGEUK 8G9,C147,B,C142,R,,,,,,
1,POOMSAE CARNIVAL,Day1/POOMSAE CARNIVAL TM LIST.pdf,8,DS TAE KWON DO CLUB,183,ALYA SYAFIAH BINTI KAMSANI,no,15 - 17 FTAEGEUK 7G2,A144,R,A142,R,,,,,,
1,POOMSAE CARNIVAL,Day1/POOMSAE CARNIVAL TM LIST.pdf,8,DS TAE KWON DO CLUB,230,HANEEFA MIRZA BINTI HAMIZAN,no,6 - 8 FTAEGEUK 5,B34,R,,,,,,,,
1,POOMSAE CARNIVAL,Day1/POOMSAE CARNIVAL TM LIST.pdf,8,DS TAE KWON DO CLUB,231,ANGGUN NUR QHALISHAH NADHIRA BI...,yes,6 - 8 FTAEGEUK 5,B34,B,B33,B,,,,,,
1,POOMSAE CARNIVAL,Day1/POOMSAE CARNIVAL TM LIST.pdf,8,DS TAE KWON DO CLUB,241,IZARA AREESA BINTI MUHD YUSRA,no,6 - 8 FTAEGEUK 7G2,B42,R,B39,R,,,,,,
1,POOMSAE CARNIVAL,Day1/POOMSAE CARNIVAL TM LIST.pdf,8,DS TAE KWON DO CLUB,243,MARYAM KHADEEJA BINTI SAIFUL ISWAL,no,6 - 8 FTAEGEUK 7G3,B43,R,,,,,,,,
1,POOMSAE CARNIVAL,Day1/POOMSAE CARNIVAL TM LIST.pdf,8,DS TAE KWON DO CLUB,300,AINUL MARDHIAH BINTI MUHAMMAD FI...,yes,9 - 11 FTAEGEUK 3G8,B87,B,B82,B,,,,,,
1,POOMSAE CARNIVAL,Day1/POOMSAE CARNIVAL TM LIST.pdf,8,DS TAE KWON DO CLUB,373,AMEENA SYAUFI BINTI MOHD ERDI SYA...,yes,9 - 11 FTAEGEUK 7G7,B142,B,B138,B,,,,,,
1,POOMSAE CARNIVAL,Day1/POOMSAE CARNIVAL TM LIST.pdf,8,DS TAE KWON DO CLUB,435,AATHIF MUHAMMAD HAIKAL BIN NOR M...,yes,12 - 14 MTAEGEUK 7G5,C74,R,C69,R,,,,,,
1,POOMSAE CARNIVAL,Day1/POOMSAE CARNIVAL TM LIST.pdf,8,DS TAE KWON DO CLUB,441,MUHAMMAD QHALISH AIMAN BIN MOH...,yes,12 - 14 MTAEGEUK 7G6,C75,B,C70,B,,,,,,
1,POOMSAE CARNIVAL,Day1/POOMSAE CARNIVAL TM LIST.pdf,8,DS TAE KWON DO CLUB,549,MUHAMMAD EMIR LUQMAN BIN AMRI,no,9 - 11 MTAEGEUK 1G3,A47,R,A45,B,,,,,,
1,POOMSAE CARNIVAL,Day1/POOMSAE CARNIVAL TM LIST.pdf,8,DS TAE KWON DO CLUB,595,DANISH AMSYAR BIN MUHAMMAD DINIY,no,9 - 11 MTAEGEUK 5G4,A82,R,A80,B,,,,,,
1,POOMSAE CARNIVAL,Day1/POOMSAE CARNIVAL TM LIST.pdf,8,DS TAE KWON DO CLUB,654,NUR QAISARA SAFFIYAH,no,9 - 11 FKORYO,,,,,,,,,,
1,POOMSAE CARNIVAL,Day1/POOMSAE CARNIVAL TM LIST.pdf,9,DS TAEKWONDO CLUB (SOLEHAH),198,NAURA AMANDA MIQAYLA BINTI MAD R...,yes,6 - 8 FTAEGEUK 1G4,B12,R,B10,B,,,,,,
1,POOMSAE CARNIVAL,Day1/POOMSAE CARNIVAL TM LIST.pdf,9,DS TAEKWONDO CLUB (SOLEHAH),199,NAYLA ALISA BINTI MUHAMAD FIRDAUS,no,6 - 8 FTAEGEUK 1G4,B12,B,B09,B,,,,,,
1,POOMSAE CARNIVAL,Day1/POOMSAE CARNIVAL TM LIST.pdf,9,DS TAEKWONDO CLUB (SOLEHAH),220,ZAFEERA NUR JANNAH BINTI MUHAMM...,yes,6 - 8 FTAEGEUK 3G2,B26,B,B23,B,,,,,,
1,POOMSAE CARNIVAL,Day1/POOMSAE CARNIVAL TM LIST.pdf,9,DS TAEKWONDO CLUB (SOLEHAH),221,WAN MECCA SYUHADA BINTI WAN MOH...,yes,6 - 8 FTAEGEUK 3G3,B31,B,B27,R,,,,,,
1,POOMSAE CARNIVAL,Day1/POOMSAE CARNIVAL TM LIST.pdf,9,DS TAEKWONDO CLUB (SOLEHAH),222,JUANNA LEANDRA BINTI JOHARI,no,6 - 8 FTAEGEUK 3G3,B31,R,B28,R,,,,,,
1,POOMSAE CARNIVAL,Day1/POOMSAE CARNIVAL TM LIST.pdf,9,DS TAEKWONDO CLUB (SOLEHAH),330,ZAYRA NUR JANNAH BINTI MUHAMMAD ...,yes,9 - 11 FTAEGEUK 5G7,B111,B,B107,B,,,,,,
1,POOMSAE CARNIVAL,Day1/POOMSAE CARNIVAL TM LIST.pdf,9,DS TAEKWONDO CLUB (SOLEHAH),499,MUHAMMAD ALI NOUMAN BIN MOHAMM...,yes,6 - 8 MTAEGEUK 1G5,A16,R,A14,R,,,,,,
1,POOMSAE CARNIVAL,Day1/POOMSAE CARNIVAL TM LIST.pdf,9,DS TAEKWONDO CLUB (SOLEHAH),517,MUHAMMAD ZIYAD NAWFAN BIN MUHA...,yes,6 - 8 MTAEGEUK 3G2,A27,R,A25,R,,,,,,
1,POOMSAE CARNIVAL,Day1/POOMSAE CARNIVAL TM LIST.pdf,9,DS TAEKWONDO CLUB (SOLEHAH),526,ADAM ISKANDAR BIN AMIRUL AZLAN,no,6 - 8 MTAEGEUK 3G5,A33,B,A30,R,,,,,,
1,POOMSAE CARNIVAL,Day1/POOMSAE CARNIVAL TM LIST.pdf,9,DS TAEKWONDO CLUB (SOLEHAH),570,MUHAMMAD ZAFRUL NAWFAN BIN MUH...,yes,9 - 11 MTAEGEUK 3G4,A64,B,A61,R,,,,,,
1,POOMSAE CARNIVAL,Day1/POOMSAE CARNIVAL TM LIST.pdf,9,DS TAEKWONDO CLUB (SOLEHAH),571,MIOR MUHAMMAD MIKHAIL BIN MIOR N...,yes,9 - 11 MTAEGEUK 3G4,A64,R,A62,R,,,,,,
1,POOMSAE CARNIVAL,Day1/POOMSAE CARNIVAL TM LIST.pdf,10,DYNAMIC TAEKWONDO CLUB,001,AMNI SOFIYYA MOHAMMED NAJIB,no,12 - 14 FTAEGEUK 1,C12,R,C07,R,,,,,,
1,POOMSAE CARNIVAL,Day1/POOMSAE CARNIVAL TM LIST.pdf,10,DYNAMIC TAEKWONDO CLUB,013,ZAHRATUL AZALIA BINTI MOHD SHAFIE,no,12 - 14 FTAEGEUK 3,C24,B,C20,R,,,,,,
1,POOMSAE CARNIVAL,Day1/POOMSAE CARNIVAL TM LIST.pdf,10,DYNAMIC TAEKWONDO CLUB,014,ADRA HUMAIRA BT AZLAN,no,12 - 14 FTAEGEUK 3,C24,R,C21,R,,,,,,
1,POOMSAE CARNIVAL,Day1/POOMSAE CARNIVAL TM LIST.pdf,10,DYNAMIC TAEKWONDO CLUB,178,WAN IZZ DHINAZ AAEESHAZENIA BT W...,yes,15 - 17 FTAEGEUK 7,A143,R,A140,R,,,,,,
1,POOMSAE CARNIVAL,Day1/POOMSAE CARNIVAL TM LIST.pdf,10,DYNAMIC TAEKWONDO CLUB,187,UMMI NUR AZWA SOPHEA BINTI MUHA...,yes,6 - 8 FTAEGEUK 1,B05,B,B01,R,,,,,,
1,POOMSAE CARNIVAL,Day1/POOMSAE CARNIVAL TM LIST.pdf,10,DYNAMIC TAEKWONDO CLUB,215,WANIZZ DHINAZ AATYAMYIESHA BT AB...,yes,6 - 8 FTAEGEUK 3,B25,B,B21,B,,,,,,
1,POOMSAE CARNIVAL,Day1/POOMSAE CARNIVAL TM LIST.pdf,10,DYNAMIC TAEKWONDO CLUB,271,NUR AINAN AFIEYA BT MOHD FAHRUL F...,yes,9 - 11 FTAEGEUK 3,B66,R,B63,R,,,,,,
1,POOMSAE CARNIVAL,Day1/POOMSAE CARNIVAL TM LIST.pdf,10,DYNAMIC TAEKWONDO CLUB,317,AEGEN BRIANCCA MURUGAN,no,9 - 11 FTAEGEUK 5G4,B100,B,B97,R,,,,,,
1,POOMSAE CARNIVAL,Day1/POOMSAE CARNIVAL TM LIST.pdf,10,DYNAMIC TAEKWONDO CLUB,405,MUHAMMAD AINAN HAFIY BIN MOHD F...,yes,12 - 14 MTAEGEUK 3,C18,B,C15,R,,,,,,
1,POOMSAE CARNIVAL,Day1/POOMSAE CARNIVAL TM LIST.pdf,10,DYNAMIC TAEKWONDO CLUB,422,ABDUL WAFI BIN KHAIRUL NIZAM,no,12 - 14 MTAEGEUK 7G2,C61,R,C59,R,,,,,,
1,POOMSAE CARNIVAL,Day1/POOMSAE CARNIVAL TM LIST.pdf,10,DYNAMIC TAEKWONDO CLUB,481,MUHAMMAD AISY BIN KHAIRUL NIZAM,no,6 - 8 MTAEGEUK 1,A05,R,A02,B,,,,,,
1,POOMSAE CARNIVAL,Day1/POOMSAE CARNIVAL TM LIST.pdf,10,DYNAMIC TAEKWONDO CLUB,482,WAN MASKOZZFARELL RAFAEL BIN WA...,yes,6 - 8 MTAEGEUK 1,A05,B,A01,R,,,,,,
1,POOMSAE CARNIVAL,Day1/POOMSAE CARNIVAL TM LIST.pdf,10,DYNAMIC TAEKWONDO CLUB,560,WAN IZZ DHIA AMR-UKASHAH BIN WA...,yes,9 - 11 MTAEGEUK 3,A57,B,A53,B,,,,,,
1,POOMSAE CARNIVAL,Day1/POOMSAE CARNIVAL TM LIST.pdf,10,DYNAMIC TAEKWONDO CLUB,561,MUHAMMAD FARIS LUQMAN BIN MOHD ...,yes,9 - 11 MTAEGEUK 3,A57,R,A54,B,,,,,,
1,POOMSAE CARNIVAL,Day1/POOMSAE CARNIVAL TM LIST.pdf,10,DYNAMIC TAEKWONDO CLUB,562,AISH MIKHAIL BIN MOHD AJMAL,no,9 - 11 MTAEGEUK 3G2,A58,B,A55,R,,,,,,
1,POOMSAE CARNIVAL,Day1/POOMSAE CARNIVAL TM LIST.pdf,10,DYNAMIC TAEKWONDO CLUB,563,MUHAMMAD HARRAZ RIFQI BIN MOHD ...,yes,9 - 11 MTAEGEUK 3G2,A58,R,A56,R,,,,,,
1,POOMSAE CARNIVAL,Day1/POOMSAE CARNIVAL TM LIST.pdf,11,Fighter taekwondo club,096,SAIDATUL IRDINA BINTI SYAHRIZAL,no,12 - 14 FTAEGEUK 7G10,C106,R,C104,R,,,,,,
1,POOMSAE CARNIVAL,Day1/POOMSAE CARNIVAL TM LIST.pdf,11,Fighter taekwondo club,177,SABRINA SAFEERAH KHOO,no,15 - 17 FTAEGEUK 5G4,A138,R,,,,,,,,
1,POOMSAE CARNIVAL,Day1/POOMSAE CARNIVAL TM LIST.pdf,11,Fighter taekwondo club,185,NURUL NUSAIBAH BINTI MOHAMAD RO...,yes,15 - 17 FTAEGEUK 7G2,A144,B,A141,B,,,,,,
1,POOMSAE CARNIVAL,Day1/POOMSAE CARNIVAL TM LIST.pdf,12,HYPERTIGER TAEKWONDO CLUB,036,Shasvhini,no,12 - 14 FTAEGEUK 5G2,C43,B,C40,R,,,,,,
1,POOMSAE CARNIVAL,Day1/POOMSAE CARNIVAL TM LIST.pdf,12,HYPERTIGER TAEKWONDO CLUB,162,WAN NUR FATHINAH BINTI WAN MOHD ...,yes,15 - 17 FTAEGEUK 3G2,A129,B,A126,B,,,,,,
1,POOMSAE CARNIVAL,Day1/POOMSAE CARNIVAL TM LIST.pdf,12,HYPERTIGER TAEKWONDO CLUB,219,ANNAILA AISYAH BINTI MOHAMMAD ZA...,yes,6 - 8 FTAEGEUK 3G2,B26,R,B24,R,,,,,,
1,POOMSAE CARNIVAL,Day1/POOMSAE CARNIVAL TM LIST.pdf,12,HYPERTIGER TAEKWONDO CLUB,240,AISY BINTI MOHD AMIN,no,6 - 8 FTAEGEUK 7G2,B42,R,B39,B,,,,,,
1,POOMSAE CARNIVAL,Day1/POOMSAE CARNIVAL TM LIST.pdf,12,HYPERTIGER TAEKWONDO CLUB,283,WAN NUR DAMIAï¿½ï¿½ï¿½ HUMAIRA B...,yes,9 - 11 FTAEGEUK 3G4,B73,R,B71,B,,,,,,
1,POOMSAE CARNIVAL,Day1/POOMSAE CARNIVAL TM LIST.pdf,12,HYPERTIGER TAEKWONDO CLUB,324,PUTERI NUR FARDHIYAH BINTI ABDULL...,yes,9 - 11 FTAEGEUK 5G5,B105,B,B101,B,,,,,,
1,POOMSAE CARNIVAL,Day1/POOMSAE CARNIVAL TM LIST.pdf,12,HYPERTIGER TAEKWONDO CLUB,334,Lily Tiara Annati,no,9 - 11 FTAEGEUK 5G8,B112,B,B109,B,,,,,,
1,POOMSAE CARNIVAL,Day1/POOMSAE CARNIVAL TM LIST.pdf,12,HYPERTIGER TAEKWONDO CLUB,364,PUTERI DARWISYAH HANA BINTI MOHA...,yes,9 - 11 FTAEGEUK 7G5,B136,R,B133,B,,,,,,
1,POOMSAE CARNIVAL,Day1/POOMSAE CARNIVAL TM LIST.pdf,12,HYPERTIGER TAEKWONDO CLUB,365,MARYAM BINTI MOHD HAFIZ,no,9 - 11 FTAEGEUK 7G5,B136,R,B133,R,,,,,,
1,POOMSAE CARNIVAL,Day1/POOMSAE CARNIVAL TM LIST.pdf,12,HYPERTIGER TAEKWONDO CLUB,366,ZARA SOFEA,no,9 - 11 FTAEGEUK 7G5,B136,B,B132,R,,,,,,
1,POOMSAE CARNIVAL,Day1/POOMSAE CARNIVAL TM LIST.pdf,12,HYPERTIGER TAEKWONDO CLUB,367,NUR ERYNA RAFANDA BINTI MOHD EZ...,yes,9 - 11 FTAEGEUK 7G6,B137,B,B134,R,,,,,,
1,POOMSAE CARNIVAL,Day1/POOMSAE CARNIVAL TM LIST.pdf,12,HYPERTIGER TAEKWONDO CLUB,368,SHAFIQAH BINTI MOHAMAD HIDIR,no,9 - 11 FTAEGEUK 7G6,B137,B,B134,B,,,,,,
1,POOMSAE CARNIVAL,Day1/POOMSAE CARNIVAL TM LIST.pdf,12,HYPERTIGER TAEKWONDO CLUB,369,NUR AUFA IMA'NI BINTI HASBULLAH,no,9 - 11 FTAEGEUK 7G6,B137,R,B135,B,,,,,,
1,POOMSAE CARNIVAL,Day1/POOMSAE CARNIVAL TM LIST.pdf,12,HYPERTIGER TAEKWONDO CLUB,451,NIYAZ ABBAS BIN NASRUL AZRI,no,12 - 14 MTAEGEUK 8G2,C112,R,C110,B,,,,,,
1,POOMSAE CARNIVAL,Day1/POOMSAE CARNIVAL TM LIST.pdf,12,HYPERTIGER TAEKWONDO CLUB,469,MUHAMMAD BAKRIE BIN BAKTHIAR,no,15 - 17 MKORYOG3,C163,B,C159,B,,,,,,
1,POOMSAE CARNIVAL,Day1/POOMSAE CARNIVAL TM LIST.pdf,12,HYPERTIGER TAEKWONDO CLUB,514,MUHAMMAD ZAYAN DIZHWAR BIN SARI...,yes,6 - 8 MTAEGEUK 3G2,A27,R,A25,B,,,,,,
1,POOMSAE CARNIVAL,Day1/POOMSAE CARNIVAL TM LIST.pdf,12,HYPERTIGER TAEKWONDO CLUB,536,NUH 'IMRAAN BIN MOHD RASYDAN,no,6 - 8 MTAEGEUK 7G2,A41,B,A39,B,,,,,,
1,POOMSAE CARNIVAL,Day1/POOMSAE CARNIVAL TM LIST.pdf,12,HYPERTIGER TAEKWONDO CLUB,545,ADAM ZUFAR BIN MOHD AZAD ZUFAR,no,9 - 11 MTAEGEUK 1G2,A46,R,A43,B,,,,,,
1,POOMSAE CARNIVAL,Day1/POOMSAE CARNIVAL TM LIST.pdf,12,HYPERTIGER TAEKWONDO CLUB,568,KU ZAHIRULHAQ BIN KU BADLISYAH,no,9 - 11 MTAEGEUK 3G3,A63,R,A60,R,,,,,,
1,POOMSAE CARNIVAL,Day1/POOMSAE CARNIVAL TM LIST.pdf,12,HYPERTIGER TAEKWONDO CLUB,594,MUHAMMAD PUTERA FIRMAN,no,9 - 11 MTAEGEUK 5G4,A82,B,A79,B,,,,,,
1,POOMSAE CARNIVAL,Day1/POOMSAE CARNIVAL TM LIST.pdf,12,HYPERTIGER TAEKWONDO CLUB,615,MUUHAMMAD MIQDAD ZIYAD BIN MUH...,yes,9 - 11 MTAEGEUK 7G2,A98,R,A94,B,,,,,,
1,POOMSAE CARNIVAL,Day1/POOMSAE CARNIVAL TM LIST.pdf,12,HYPERTIGER TAEKWONDO CLUB,616,HUD ARYAN BIN MOHD RASYDAN,no,9 - 11 MTAEGEUK 7G2,A98,B,A93,B,,,,,,
1,POOMSAE CARNIVAL,Day1/POOMSAE CARNIVAL TM LIST.pdf,12,HYPERTIGER TAEKWONDO CLUB,617,MUHAMMAD FAHEEM BIN JALALUDIN,no,9 - 11 MTAEGEUK 7G3,A99,R,A96,R,,,,,,
1,POOMSAE CARNIVAL,Day1/POOMSAE CARNIVAL TM LIST.pdf,12,HYPERTIGER TAEKWONDO CLUB,618,MUHAMMAD IMAN FAHRI BIN MOHD HA...,yes,9 - 11 MTAEGEUK 7G3,A99,B,A95,R,,,,,,
1,POOMSAE CARNIVAL,Day1/POOMSAE CARNIVAL TM LIST.pdf,13,KELAB GEMILANG TAEKWONDO TERENGGANU,396,ZARA ARISSA BINTI MUHAMMAD AMLI,no,9 - 11 FTAEGEUK 8G2,B157,B,B155,B,,,,,,
1,POOMSAE CARNIVAL,Day1/POOMSAE CARNIVAL TM LIST.pdf,14,KELAB IMPERIAL BG,007,IDREANA MAISHA BINTI BAHARUDDIN,no,12 - 14 FTAEGEUK 1G2,C13,B,C08,B,,,,,,
1,POOMSAE CARNIVAL,Day1/POOMSAE CARNIVAL TM LIST.pdf,14,KELAB IMPERIAL BG,055,NUR IRIS IRDINA BINTI MOHD JASMI,no,12 - 14 FTAEGEUK 5G7,C55,B,C52,B,,,,,,
1,POOMSAE CARNIVAL,Day1/POOMSAE CARNIVAL TM LIST.pdf,14,KELAB IMPERIAL BG,111,NUR ALMIRA QASRINA BINTI HILMI,no,12 - 14 FTAEGEUK 8G4,C129,R,C127,B,,,,,,
1,POOMSAE CARNIVAL,Day1/POOMSAE CARNIVAL TM LIST.pdf,14,KELAB IMPERIAL BG,112,NUR RAISHA QAISARA BINTI HILMI,no,12 - 14 FTAEGEUK 8G4,C129,B,C126,B,,,,,,
1,POOMSAE CARNIVAL,Day1/POOMSAE CARNIVAL TM LIST.pdf,14,KELAB IMPERIAL BG,113,UDISSYALILIANA A/P NAZUL,no,12 - 14 FTAEGEUK 8G5,C134,B,C130,B,,,,,,
1,POOMSAE CARNIVAL,Day1/POOMSAE CARNIVAL TM LIST.pdf,14,KELAB IMPERIAL BG,191,NUR AISYAH ATIFAH BINTI ABDULLAH,no,6 - 8 FTAEGEUK 1G2,B06,B,B03,B,,,,,,
1,POOMSAE CARNIVAL,Day1/POOMSAE CARNIVAL TM LIST.pdf,14,KELAB IMPERIAL BG,218,DAMIANA BALQIS SOFEA BINTI MUHAM...,yes,6 - 8 FTAEGEUK 3G2,B26,B,B23,R,,,,,,
1,POOMSAE CARNIVAL,Day1/POOMSAE CARNIVAL TM LIST.pdf,14,KELAB IMPERIAL BG,238,SARAH AKIFAH BINTI MUHAMMAD AZH...,yes,6 - 8 FTAEGEUK 7G2,B42,B,B38,R,,,,,,
1,POOMSAE CARNIVAL,Day1/POOMSAE CARNIVAL TM LIST.pdf,14,KELAB IMPERIAL BG,250,AULIA IZZATUNNISA MOHD AZMIR BIN...,yes,9 - 11 FTAEGEUK 1G2,B49,B,B46,B,,,,,,
1,POOMSAE CARNIVAL,Day1/POOMSAE CARNIVAL TM LIST.pdf,14,KELAB IMPERIAL BG,278,NUR AFRINA QAIRINA BINTI FARID WA...,yes,9 - 11 FTAEGEUK 3G3,B72,B,B68,R,,,,,,
1,POOMSAE CARNIVAL,Day1/POOMSAE CARNIVAL TM LIST.pdf,14,KELAB IMPERIAL BG,316,NUR FATHIA AZZAHRA BINTI AZMAN,no,9 - 11 FTAEGEUK 5G3,B99,R,B96,R,,,,,,
1,POOMSAE CARNIVAL,Day1/POOMSAE CARNIVAL TM LIST.pdf,14,KELAB IMPERIAL BG,331,NUR QAISARA AFIFAH BT AHMAD BADR...,yes,9 - 11 FTAEGEUK 5G7,B111,B,B107,R,,,,,,
1,POOMSAE CARNIVAL,Day1/POOMSAE CARNIVAL TM LIST.pdf,14,KELAB IMPERIAL BG,371,AINUR MADIHA ALEESA BINTI ADZILI,no,9 - 11 FTAEGEUK 7G7,B142,R,B139,B,,,,,,
1,POOMSAE CARNIVAL,Day1/POOMSAE CARNIVAL TM LIST.pdf,14,KELAB IMPERIAL BG,399,WONG SHI SIONG,no,12 - 14 MTAEGEUK 1,C04,R,C02,B,,,,,,
1,POOMSAE CARNIVAL,Day1/POOMSAE CARNIVAL TM LIST.pdf,14,KELAB IMPERIAL BG,400,AHMAD FAWWAZ SAFIY BIN HISHAMUDIN,no,12 - 14 MTAEGEUK 1,C04,B,C01,R,,,,,,
1,POOMSAE CARNIVAL,Day1/POOMSAE CARNIVAL TM LIST.pdf,14,KELAB IMPERIAL BG,427,MUHAMMAD ZHARIF ASHMAN BIN ADZILI,no,12 - 14 MTAEGEUK 7G3,C66,B,C62,R,,,,,,
1,POOMSAE CARNIVAL,Day1/POOMSAE CARNIVAL TM LIST.pdf,14,KELAB IMPERIAL BG,448,MUHAMMAD HARRAZ ARSYAD BIN MOH...,yes,12 - 14 MTAEGEUK 8,C111,R,C108,R,,,,,,
1,POOMSAE CARNIVAL,Day1/POOMSAE CARNIVAL TM LIST.pdf,14,KELAB IMPERIAL BG,452,MUHAMMAD FIRAS UKAIL BIN ABDUL Z...,yes,12 - 14 MTAEGEUK 8G2,C112,B,C109,R,,,,,,
1,POOMSAE CARNIVAL,Day1/POOMSAE CARNIVAL TM LIST.pdf,14,KELAB IMPERIAL BG,468,SHIVA SARVES A/L MURLY,no,15 - 17 MKORYOG2,C158,R,C156,R,,,,,,
1,POOMSAE CARNIVAL,Day1/POOMSAE CARNIVAL TM LIST.pdf,14,KELAB IMPERIAL BG,490,MUHAMMAD AL QAYYUM QARIZH BIN M...,yes,6 - 8 MTAEGEUK 1G3,A11,B,A07,B,,,,,,
1,POOMSAE CARNIVAL,Day1/POOMSAE CARNIVAL TM LIST.pdf,14,KELAB IMPERIAL BG,513,MUHAMMAD AFHAM AISAR BIN AREF AS...,yes,6 - 8 MTAEGEUK 3,A26,B,A22,B,,,,,,
1,POOMSAE CARNIVAL,Day1/POOMSAE CARNIVAL TM LIST.pdf,14,KELAB IMPERIAL BG,529,AQEEF BIN SHAMSUL,no,6 - 8 MTAEGEUK 5,A36,R,,,,,,,,
1,POOMSAE CARNIVAL,Day1/POOMSAE CARNIVAL TM LIST.pdf,14,KELAB IMPERIAL BG,541,MUHAMMAD AL QALIF AQIL BIN MOHD ...,yes,9 - 11 MTAEGEUK 1,C165,R,C162,B,,,,,,
1,POOMSAE CARNIVAL,Day1/POOMSAE CARNIVAL TM LIST.pdf,14,KELAB IMPERIAL BG,542,MUHAMMAD DANISH FIRAS BIN AHMAD...,yes,9 - 11 MTAEGEUK 1,C165,B,C161,B,,,,,,
1,POOMSAE CARNIVAL,Day1/POOMSAE CARNIVAL TM LIST.pdf,14,KELAB IMPERIAL BG,543,MUHAMMAD AIMAN FARHAN,no,9 - 11 MTAEGEUK 1G2,A46,B,A42,R,,,,,,
1,POOMSAE CARNIVAL,Day1/POOMSAE CARNIVAL TM LIST.pdf,14,KELAB IMPERIAL BG,544,AHMAD SYARIM BIN SAZALI,no,9 - 11 MTAEGEUK 1G2,A46,R,A43,R,,,,,,
1,POOMSAE CARNIVAL,Day1/POOMSAE CARNIVAL TM LIST.pdf,14,KELAB IMPERIAL BG,590,MOHAMMAD HIZZUDDIN WHAFI BIN SA...,yes,9 - 11 MTAEGEUK 5G3,A81,B,A77,R,,,,,,
1,POOMSAE CARNIVAL,Day1/POOMSAE CARNIVAL TM LIST.pdf,14,KELAB IMPERIAL BG,591,MUHAMMAD ZAHIN AKASHAH BIN MOH...,yes,9 - 11 MTAEGEUK 5G3,A81,R,A78,R,,,,,,
1,POOMSAE CARNIVAL,Day1/POOMSAE CARNIVAL TM LIST.pdf,14,KELAB IMPERIAL BG,622,MUHAMMAD AARIZ SHAKEEL BIN MUHA...,yes,9 - 11 MTAEGEUK 7G4,A106,B,A100,B,,,,,,
1,POOMSAE CARNIVAL,Day1/POOMSAE CARNIVAL TM LIST.pdf,14,KELAB IMPERIAL BG,624,MUHAMMAD THAQIF MUQRI BIN MOHD ...,yes,9 - 11 MTAEGEUK 7G4,A106,R,A101,B,,,,,,
1,POOMSAE CARNIVAL,Day1/POOMSAE CARNIVAL TM LIST.pdf,14,KELAB IMPERIAL BG,647,VEAN EDRIELL BIN NASARUDDIN,no,9 - 11 MTAEGEUK 8,A121,B,A118,B,,,,,,
1,POOMSAE CARNIVAL,Day1/POOMSAE CARNIVAL TM LIST.pdf,15,KELAB TAE KWON DO HELANG EMAS (WTF),009,LOO JING YEN,no,12 - 14 FTAEGEUK 1G3,C14,R,C11,R,,,,,,
1,POOMSAE CARNIVAL,Day1/POOMSAE CARNIVAL TM LIST.pdf,15,KELAB TAE KWON DO HELANG EMAS (WTF),010,CHAI YIN XIN,no,12 - 14 FTAEGEUK 1G3,C14,B,C10,R,,,,,,
1,POOMSAE CARNIVAL,Day1/POOMSAE CARNIVAL TM LIST.pdf,15,KELAB TAE KWON DO HELANG EMAS (WTF),126,GOH JING HUI,no,12 - 14 FTAEGEUK 8G8,C141,B,C138,R,,,,,,
1,POOMSAE CARNIVAL,Day1/POOMSAE CARNIVAL TM LIST.pdf,15,KELAB TAE KWON DO HELANG EMAS (WTF),127,HO PEI LI,no,12 - 14 FTAEGEUK 8G8,C141,R,C139,B,,,,,,
1,POOMSAE CARNIVAL,Day1/POOMSAE CARNIVAL TM LIST.pdf,15,KELAB TAE KWON DO HELANG EMAS (WTF),128,JOVIANNE LIM,no,12 - 14 FTAEGEUK 8G8,C141,R,C139,R,,,,,,
1,POOMSAE CARNIVAL,Day1/POOMSAE CARNIVAL TM LIST.pdf,15,KELAB TAE KWON DO HELANG EMAS (WTF),151,TENG YA EN,no,15 - 17 FKORYOG3,A155,R,A152,R,,,,,,
1,POOMSAE CARNIVAL,Day1/POOMSAE CARNIVAL TM LIST.pdf,15,KELAB TAE KWON DO HELANG EMAS (WTF),182,LEE KAI LING,no,15 - 17 FTAEGEUK 7G2,A144,R,A142,B,,,,,,
1,POOMSAE CARNIVAL,Day1/POOMSAE CARNIVAL TM LIST.pdf,15,KELAB TAE KWON DO HELANG EMAS (WTF),197,THYE CHING YUET,no,6 - 8 FTAEGEUK 1G3,B11,B,B07,B,,,,,,
1,POOMSAE CARNIVAL,Day1/POOMSAE CARNIVAL TM LIST.pdf,15,KELAB TAE KWON DO HELANG EMAS (WTF),200,LAW ZI XIN,no,6 - 8 FTAEGEUK 1G4,B12,R,B10,R,,,,,,
1,POOMSAE CARNIVAL,Day1/POOMSAE CARNIVAL TM LIST.pdf,15,KELAB TAE KWON DO HELANG EMAS (WTF),255,BHAVATHARINIE,no,9 - 11 FTAEGEUK 1G3,B54,B,B50,B,,,,,,
1,POOMSAE CARNIVAL,Day1/POOMSAE CARNIVAL TM LIST.pdf,15,KELAB TAE KWON DO HELANG EMAS (WTF),256,LOO JING XUAN,no,9 - 11 FTAEGEUK 1G3,B54,R,B51,B,,,,,,
1,POOMSAE CARNIVAL,Day1/POOMSAE CARNIVAL TM LIST.pdf,15,KELAB TAE KWON DO HELANG EMAS (WTF),329,JANICE WONG SHU YUN,no,9 - 11 FTAEGEUK 5G7,B111,R,B108,B,,,,,,
1,POOMSAE CARNIVAL,Day1/POOMSAE CARNIVAL TM LIST.pdf,15,KELAB TAE KWON DO HELANG EMAS (WTF),395,NG ZI SHAN,no,9 - 11 FTAEGEUK 8G2,B157,B,B155,R,,,,,,
1,POOMSAE CARNIVAL,Day1/POOMSAE CARNIVAL TM LIST.pdf,15,KELAB TAE KWON DO HELANG EMAS (WTF),432,CHENG CHEE CONG,no,12 - 14 MTAEGEUK 7G4,C67,R,C65,B,,,,,,
1,POOMSAE CARNIVAL,Day1/POOMSAE CARNIVAL TM LIST.pdf,15,KELAB TAE KWON DO HELANG EMAS (WTF),433,LEE YU LONG,no,12 - 14 MTAEGEUK 7G4,C67,B,C64,B,,,,,,
1,POOMSAE CARNIVAL,Day1/POOMSAE CARNIVAL TM LIST.pdf,15,KELAB TAE KWON DO HELANG EMAS (WTF),434,CHAI XING ZHE,no,12 - 14 MTAEGEUK 7G5,C74,B,C68,B,,,,,,
1,POOMSAE CARNIVAL,Day1/POOMSAE CARNIVAL TM LIST.pdf,15,KELAB TAE KWON DO HELANG EMAS (WTF),471,NG WEN KAI,no,15 - 17 MKORYOG3,C163,R,,,,,,,,
1,POOMSAE CARNIVAL,Day1/POOMSAE CARNIVAL TM LIST.pdf,15,KELAB TAE KWON DO HELANG EMAS (WTF),496,LOUIS LEE BOO YUU,no,6 - 8 MTAEGEUK 1G4,A12,B,A09,R,,,,,,
1,POOMSAE CARNIVAL,Day1/POOMSAE CARNIVAL TM LIST.pdf,15,KELAB TAE KWON DO HELANG EMAS (WTF),497,DISHYANTH,no,6 - 8 MTAEGEUK 1G5,A16,R,A14,B,,,,,,
1,POOMSAE CARNIVAL,Day1/POOMSAE CARNIVAL TM LIST.pdf,15,KELAB TAE KWON DO HELANG EMAS (WTF),498,CHONG SHAO YEH,no,6 - 8 MTAEGEUK 1G5,A16,B,A13,B,,,,,,
1,POOMSAE CARNIVAL,Day1/POOMSAE CARNIVAL TM LIST.pdf,15,KELAB TAE KWON DO HELANG EMAS (WTF),518,EE YEN JIAN,no,6 - 8 MTAEGEUK 3G3,A31,B,A28,R,,,,,,
1,POOMSAE CARNIVAL,Day1/POOMSAE CARNIVAL TM LIST.pdf,15,KELAB TAE KWON DO HELANG EMAS (WTF),530,YONG LI KEN,no,6 - 8 MTAEGEUK 5G2,A37,B,A35,B,,,,,,
1,POOMSAE CARNIVAL,Day1/POOMSAE CARNIVAL TM LIST.pdf,15,KELAB TAE KWON DO HELANG EMAS (WTF),548,LOO JIE SHENG,no,9 - 11 MTAEGEUK 1G3,A47,B,A44,R,,,,,,
1,POOMSAE CARNIVAL,Day1/POOMSAE CARNIVAL TM LIST.pdf,15,KELAB TAE KWON DO HELANG EMAS (WTF),650,LOW XANG REN,no,9 - 11 MTAEGEUK 8G2,A122,B,A119,B,,,,,,
1,POOMSAE CARNIVAL,Day1/POOMSAE CARNIVAL TM LIST.pdf,16,KELAB TAEKWONDO KERAMAT,021,NUR ESHAL KHAYLA BINTI KHAIRUL DH...,yes,12 - 14 FTAEGEUK 3G3,C31,B,C26,B,,,,,,
1,POOMSAE CARNIVAL,Day1/POOMSAE CARNIVAL TM LIST.pdf,16,KELAB TAEKWONDO KERAMAT,070,PUTERI ZAFIRAH BINTI MEGAT SAIFULR...,yes,12 - 14 FTAEGEUK 7G4,C88,B,C85,B,,,,,,
1,POOMSAE CARNIVAL,Day1/POOMSAE CARNIVAL TM LIST.pdf,16,KELAB TAEKWONDO KERAMAT,071,NUR ADELIA RANIA BINTI ABDUL AZIZ,no,12 - 14 FTAEGEUK 7G4,C88,B,C85,R,,,,,,
1,POOMSAE CARNIVAL,Day1/POOMSAE CARNIVAL TM LIST.pdf,16,KELAB TAEKWONDO KERAMAT,072,NUR NAYLI AMANI BINTI ZULKIFLI,no,12 - 14 FTAEGEUK 7G4,C88,R,C86,B,,,,,,
1,POOMSAE CARNIVAL,Day1/POOMSAE CARNIVAL TM LIST.pdf,16,KELAB TAEKWONDO KERAMAT,073,NABIHAH BINTI MOHAMAD RAFAAE,no,12 - 14 FTAEGEUK 7G5,C93,B,C89,B,,,,,,
1,POOMSAE CARNIVAL,Day1/POOMSAE CARNIVAL TM LIST.pdf,16,KELAB TAEKWONDO KERAMAT,114,NUR AFINA DAISY BINTI MOHAMAD ZA...,yes,12 - 14 FTAEGEUK 8G5,C134,R,C131,R,,,,,,
1,POOMSAE CARNIVAL,Day1/POOMSAE CARNIVAL TM LIST.pdf,16,KELAB TAEKWONDO KERAMAT,118,AUNI DARWISYAH BINTI MOHD PANI ZAN,no,12 - 14 FTAEGEUK 8G6,C135,B,C132,R,,,,,,
1,POOMSAE CARNIVAL,Day1/POOMSAE CARNIVAL TM LIST.pdf,16,KELAB TAEKWONDO KERAMAT,119,NUR DAYANA DAMIA BINTI MUHAIRI SE...,yes,12 - 14 FTAEGEUK 8G6,C135,R,C133,R,,,,,,
1,POOMSAE CARNIVAL,Day1/POOMSAE CARNIVAL TM LIST.pdf,16,KELAB TAEKWONDO KERAMAT,120,NURUL AEIN FATIHAH BINTI HAMZAH,no,12 - 14 FTAEGEUK 8G6,C135,R,C133,B,,,,,,
1,POOMSAE CARNIVAL,Day1/POOMSAE CARNIVAL TM LIST.pdf,16,KELAB TAEKWONDO KERAMAT,121,NURUL 'ADNIN IZZAH IMANI BINTI ARA...,yes,12 - 14 FTAEGEUK 8G7,C140,B,C136,R,,,,,,
1,POOMSAE CARNIVAL,Day1/POOMSAE CARNIVAL TM LIST.pdf,16,KELAB TAEKWONDO KERAMAT,122,NUR QISYA ZHAFIRAH BINTI MISLAN,no,12 - 14 FTAEGEUK 8G7,C140,R,C137,B,,,,,,
1,POOMSAE CARNIVAL,Day1/POOMSAE CARNIVAL TM LIST.pdf,16,KELAB TAEKWONDO KERAMAT,124,ALYA SYUHADAH BINTI HISAMUDDIN,no,12 - 14 FTAEGEUK 8G7,C140,B,C136,B,,,,,,
1,POOMSAE CARNIVAL,Day1/POOMSAE CARNIVAL TM LIST.pdf,16,KELAB TAEKWONDO KERAMAT,147,ROSE SA MARIAH BINTI FIRDAUS ROZANI,no,15 - 17 FKORYOG2,A150,R,A148,R,,,,,,
1,POOMSAE CARNIVAL,Day1/POOMSAE CARNIVAL TM LIST.pdf,16,KELAB TAEKWONDO KERAMAT,148,NUR ARISSA BINTI ZAINUDIN,no,15 - 17 FKORYOG3,A155,R,A152,B,,,,,,
1,POOMSAE CARNIVAL,Day1/POOMSAE CARNIVAL TM LIST.pdf,16,KELAB TAEKWONDO KERAMAT,150,RAJA QISTINA ATHIRA BINTI RAJA SHA...,yes,15 - 17 FKORYOG3,A155,B,A151,R,,,,,,
1,POOMSAE CARNIVAL,Day1/POOMSAE CARNIVAL TM LIST.pdf,16,KELAB TAEKWONDO KERAMAT,229,HANNAH SOFEA BINTI MUHAMMAD KHA...,yes,6 - 8 FTAEGEUK 5,B34,B,B33,R,,,,,,
1,POOMSAE CARNIVAL,Day1/POOMSAE CARNIVAL TM LIST.pdf,16,KELAB TAEKWONDO KERAMAT,239,SARAH BINTI RIZZAL,no,6 - 8 FTAEGEUK 7G2,B42,B,B38,B,,,,,,
1,POOMSAE CARNIVAL,Day1/POOMSAE CARNIVAL TM LIST.pdf,16,KELAB TAEKWONDO KERAMAT,282,NOR AALEYA MAISARAH BINTI ZAINOR ...,yes,9 - 11 FTAEGEUK 3G4,B73,B,B70,R,,,,,,
1,POOMSAE CARNIVAL,Day1/POOMSAE CARNIVAL TM LIST.pdf,16,KELAB TAEKWONDO KERAMAT,322,AYRA NUR ARISSA BT MOHD SYAHRIL A...,yes,9 - 11 FTAEGEUK 5G5,B105,R,B102,B,,,,,,
1,POOMSAE CARNIVAL,Day1/POOMSAE CARNIVAL TM LIST.pdf,16,KELAB TAEKWONDO KERAMAT,323,ZUNAH NUR AFIFA BT JAFARUDDIN,no,9 - 11 FTAEGEUK 5G5,B105,B,B101,R,,,,,,
1,POOMSAE CARNIVAL,Day1/POOMSAE CARNIVAL TM LIST.pdf,16,KELAB TAEKWONDO KERAMAT,326,ALYA RAUDHAH BINTI HISAMUDDIN,no,9 - 11 FTAEGEUK 5G6,B106,B,B103,B,,,,,,
1,POOMSAE CARNIVAL,Day1/POOMSAE CARNIVAL TM LIST.pdf,16,KELAB TAEKWONDO KERAMAT,327,ALISHA ZARA BINTI ABDULALLAH,no,9 - 11 FTAEGEUK 5G6,B106,R,B104,B,,,,,,
1,POOMSAE CARNIVAL,Day1/POOMSAE CARNIVAL TM LIST.pdf,16,KELAB TAEKWONDO KERAMAT,372,AISYAH SHAFIYYAH BINTI MUHAMMAD ...,yes,9 - 11 FTAEGEUK 7G7,B142,B,B138,R,,,,,,
1,POOMSAE CARNIVAL,Day1/POOMSAE CARNIVAL TM LIST.pdf,16,KELAB TAEKWONDO KERAMAT,428,MEGAT ARIF AKMAL BIN MEGAT SAIFUL...,yes,12 - 14 MTAEGEUK 7G3,C66,R,C63,B,,,,,,
1,POOMSAE CARNIVAL,Day1/POOMSAE CARNIVAL TM LIST.pdf,16,KELAB TAEKWONDO KERAMAT,450,ADAM NURDANIAL BIN HARNIZAM,no,12 - 14 MTAEGEUK 8G2,C112,B,C109,B,,,,,,
1,POOMSAE CARNIVAL,Day1/POOMSAE CARNIVAL TM LIST.pdf,16,KELAB TAEKWONDO KERAMAT,466,NU'MAN NURHAZIM BIN RIDZUAN,no,15 - 17 MKORYOG2,C158,R,C156,B,,,,,,
1,POOMSAE CARNIVAL,Day1/POOMSAE CARNIVAL TM LIST.pdf,16,KELAB TAEKWONDO KERAMAT,515,MUHAMMAD ADAM HAFIZ BIN MUHAMM...,yes,6 - 8 MTAEGEUK 3G2,A27,B,A24,R,,,,,,
1,POOMSAE CARNIVAL,Day1/POOMSAE CARNIVAL TM LIST.pdf,16,KELAB TAEKWONDO KERAMAT,566,MUHAMMAD ADAM MIKAIL BIN ZAINOR ...,yes,9 - 11 MTAEGEUK 3G3,A63,B,A59,B,,,,,,
1,POOMSAE CARNIVAL,Day1/POOMSAE CARNIVAL TM LIST.pdf,16,KELAB TAEKWONDO KERAMAT,593,MOHAMAD IMAN SHAQIRIN BIN MOHAM...,yes,9 - 11 MTAEGEUK 5G3,A81,R,A78,B,,,,,,
1,POOMSAE CARNIVAL,Day1/POOMSAE CARNIVAL TM LIST.pdf,16,KELAB TAEKWONDO KERAMAT,627,LUQMANUL HAKIM BIN NOOR FAWAZI,no,9 - 11 MTAEGEUK 7G5,A107,R,A103,R,,,,,,
1,POOMSAE CARNIVAL,Day1/POOMSAE CARNIVAL TM LIST.pdf,16,KELAB TAEKWONDO KERAMAT,648,AMMAR BIN RIZZAL,no,9 - 11 MTAEGEUK 8G2,A122,R,,,,,,,,
1,POOMSAE CARNIVAL,Day1/POOMSAE CARNIVAL TM LIST.pdf,16,KELAB TAEKWONDO KERAMAT,649,TOBHY A/L SUTHAGARAN,no,9 - 11 MTAEGEUK 8G2,A122,B,A119,R,,,,,,
1,POOMSAE CARNIVAL,Day1/POOMSAE CARNIVAL TM LIST.pdf,17,KELAB TAEKWONDO SPU PENANG,025,MARYAM AQILAH,no,12 - 14 FTAEGEUK 3G4,C32,R,C29,R,,,,,,
1,POOMSAE CARNIVAL,Day1/POOMSAE CARNIVAL TM LIST.pdf,17,KELAB TAEKWONDO SPU PENANG,044,NUR AISHA,no,12 - 14 FTAEGEUK 5G4,C49,B,C46,R,,,,,,
1,POOMSAE CARNIVAL,Day1/POOMSAE CARNIVAL TM LIST.pdf,17,KELAB TAEKWONDO SPU PENANG,045,NUR AFEFA NARESYA,no,12 - 14 FTAEGEUK 5G4,C49,R,C47,R,,,,,,
1,POOMSAE CARNIVAL,Day1/POOMSAE CARNIVAL TM LIST.pdf,17,KELAB TAEKWONDO SPU PENANG,046,NUR ADAWIYAH,no,12 - 14 FTAEGEUK 5G4,C49,R,C47,B,,,,,,
1,POOMSAE CARNIVAL,Day1/POOMSAE CARNIVAL TM LIST.pdf,17,KELAB TAEKWONDO SPU PENANG,075,NUR AIMY DAMIA,no,12 - 14 FTAEGEUK 7G5,C93,R,C90,B,,,,,,
1,POOMSAE CARNIVAL,Day1/POOMSAE CARNIVAL TM LIST.pdf,17,KELAB TAEKWONDO SPU PENANG,076,FLORA NUR AMANDA,no,12 - 14 FTAEGEUK 7G5,C93,B,C89,R,,,,,,
1,POOMSAE CARNIVAL,Day1/POOMSAE CARNIVAL TM LIST.pdf,17,KELAB TAEKWONDO SPU PENANG,077,DHIYA HUMAIRA 'ARISSA,no,12 - 14 FTAEGEUK 7G6,C94,R,C92,B,,,,,,
1,POOMSAE CARNIVAL,Day1/POOMSAE CARNIVAL TM LIST.pdf,17,KELAB TAEKWONDO SPU PENANG,078,NUR AIRA SAFIYYA,no,12 - 14 FTAEGEUK 7G6,C94,R,C92,R,,,,,,
1,POOMSAE CARNIVAL,Day1/POOMSAE CARNIVAL TM LIST.pdf,17,KELAB TAEKWONDO SPU PENANG,079,DIAN HANA AMMARA,no,12 - 14 FTAEGEUK 7G6,C94,B,C91,R,,,,,,
1,POOMSAE CARNIVAL,Day1/POOMSAE CARNIVAL TM LIST.pdf,17,KELAB TAEKWONDO SPU PENANG,131,NUR IZARA AISHAH,no,12 - 14 FTAEGEUK 8G9,C147,R,C143,R,,,,,,
1,POOMSAE CARNIVAL,Day1/POOMSAE CARNIVAL TM LIST.pdf,17,KELAB TAEKWONDO SPU PENANG,163,NUR QALEESYA ARIANA,no,15 - 17 FTAEGEUK 3G2,A129,B,A126,R,,,,,,
1,POOMSAE CARNIVAL,Day1/POOMSAE CARNIVAL TM LIST.pdf,17,KELAB TAEKWONDO SPU PENANG,164,NUR AIMI NAJWA,no,15 - 17 FTAEGEUK 3G2,A129,R,,,,,,,,
1,POOMSAE CARNIVAL,Day1/POOMSAE CARNIVAL TM LIST.pdf,17,KELAB TAEKWONDO SPU PENANG,204,NUR ZARA RANIA,no,6 - 8 FTAEGEUK 1G5,B18,R,B14,B,,,,,,
1,POOMSAE CARNIVAL,Day1/POOMSAE CARNIVAL TM LIST.pdf,17,KELAB TAEKWONDO SPU PENANG,205,SHANVIKA,no,6 - 8 FTAEGEUK 1G5,B18,B,B13,B,,,,,,
1,POOMSAE CARNIVAL,Day1/POOMSAE CARNIVAL TM LIST.pdf,17,KELAB TAEKWONDO SPU PENANG,206,NUR AISYAH HUMAIRAH,no,6 - 8 FTAEGEUK 1G6,B19,R,B16,B,,,,,,
1,POOMSAE CARNIVAL,Day1/POOMSAE CARNIVAL TM LIST.pdf,17,KELAB TAEKWONDO SPU PENANG,207,NUR HAISHA MAISARA,no,6 - 8 FTAEGEUK 1G6,B19,B,B15,B,,,,,,
1,POOMSAE CARNIVAL,Day1/POOMSAE CARNIVAL TM LIST.pdf,17,KELAB TAEKWONDO SPU PENANG,224,AMMARA LILY,no,6 - 8 FTAEGEUK 3G3,B31,R,B28,B,,,,,,
1,POOMSAE CARNIVAL,Day1/POOMSAE CARNIVAL TM LIST.pdf,17,KELAB TAEKWONDO SPU PENANG,225,MONIKSHA,no,6 - 8 FTAEGEUK 3G4,B32,B,B29,B,,,,,,
1,POOMSAE CARNIVAL,Day1/POOMSAE CARNIVAL TM LIST.pdf,17,KELAB TAEKWONDO SPU PENANG,226,SITI AISYAH UMAIRAH,no,6 - 8 FTAEGEUK 3G4,B32,R,B30,R,,,,,,
1,POOMSAE CARNIVAL,Day1/POOMSAE CARNIVAL TM LIST.pdf,17,KELAB TAEKWONDO SPU PENANG,227,NUR AULIA HUMAIRAH,no,6 - 8 FTAEGEUK 3G4,B32,B,B29,R,,,,,,
1,POOMSAE CARNIVAL,Day1/POOMSAE CARNIVAL TM LIST.pdf,17,KELAB TAEKWONDO SPU PENANG,228,ZARA HUMAIRA,no,6 - 8 FTAEGEUK 3G4,B32,R,B30,B,,,,,,
1,POOMSAE CARNIVAL,Day1/POOMSAE CARNIVAL TM LIST.pdf,17,KELAB TAEKWONDO SPU PENANG,242,HANI SAFIYYA,no,6 - 8 FTAEGEUK 7G3,B43,B,B40,B,,,,,,
1,POOMSAE CARNIVAL,Day1/POOMSAE CARNIVAL TM LIST.pdf,17,KELAB TAEKWONDO SPU PENANG,259,NURUL WADZIAH,no,9 - 11 FTAEGEUK 1G4,B55,B,B52,R,,,,,,
1,POOMSAE CARNIVAL,Day1/POOMSAE CARNIVAL TM LIST.pdf,17,KELAB TAEKWONDO SPU PENANG,260,NUR IZZ,no,9 - 11 FTAEGEUK 1G4,B55,R,B53,R,,,,,,
1,POOMSAE CARNIVAL,Day1/POOMSAE CARNIVAL TM LIST.pdf,17,KELAB TAEKWONDO SPU PENANG,261,NUR SHAHIDA,no,9 - 11 FTAEGEUK 1G5,B60,R,B57,R,,,,,,
1,POOMSAE CARNIVAL,Day1/POOMSAE CARNIVAL TM LIST.pdf,17,KELAB TAEKWONDO SPU PENANG,292,ILANA AZIZAH,no,9 - 11 FTAEGEUK 3G6,B79,R,B77,R,,,,,,
1,POOMSAE CARNIVAL,Day1/POOMSAE CARNIVAL TM LIST.pdf,17,KELAB TAEKWONDO SPU PENANG,293,AYRA NUR ALISHA,no,9 - 11 FTAEGEUK 3G7,B86,R,B81,B,,,,,,
1,POOMSAE CARNIVAL,Day1/POOMSAE CARNIVAL TM LIST.pdf,17,KELAB TAEKWONDO SPU PENANG,294,NUR QALISYA DANIA,no,9 - 11 FTAEGEUK 3G7,B86,B,B80,B,,,,,,
1,POOMSAE CARNIVAL,Day1/POOMSAE CARNIVAL TM LIST.pdf,17,KELAB TAEKWONDO SPU PENANG,295,DIAN SOFIA,no,9 - 11 FTAEGEUK 3G7,B86,R,B81,R,,,,,,
1,POOMSAE CARNIVAL,Day1/POOMSAE CARNIVAL TM LIST.pdf,17,KELAB TAEKWONDO SPU PENANG,296,NUR ADAWIYAH AMANI,no,9 - 11 FTAEGEUK 3G7,B86,B,B80,R,,,,,,
1,POOMSAE CARNIVAL,Day1/POOMSAE CARNIVAL TM LIST.pdf,17,KELAB TAEKWONDO SPU PENANG,297,ZAHRA HUMAIRA',no,9 - 11 FTAEGEUK 3G8,B87,B,B82,R,,,,,,
1,POOMSAE CARNIVAL,Day1/POOMSAE CARNIVAL TM LIST.pdf,17,KELAB TAEKWONDO SPU PENANG,298,RANIA NUR JANNAH,no,9 - 11 FTAEGEUK 3G8,B87,R,B83,R,,,,,,
1,POOMSAE CARNIVAL,Day1/POOMSAE CARNIVAL TM LIST.pdf,17,KELAB TAEKWONDO SPU PENANG,336,SHAKAYLA ALFATHUNISSA,no,9 - 11 FTAEGEUK 5G8,B112,R,B110,R,,,,,,
1,POOMSAE CARNIVAL,Day1/POOMSAE CARNIVAL TM LIST.pdf,17,KELAB TAEKWONDO SPU PENANG,337,ANGGUN NUR AZ ZAHRA,no,9 - 11 FTAEGEUK 5G9,B117,R,B114,R,,,,,,
1,POOMSAE CARNIVAL,Day1/POOMSAE CARNIVAL TM LIST.pdf,17,KELAB TAEKWONDO SPU PENANG,374,NUR KHADEEJA MAISARA,no,9 - 11 FTAEGEUK 7G7,B142,R,B139,R,,,,,,
1,POOMSAE CARNIVAL,Day1/POOMSAE CARNIVAL TM LIST.pdf,17,KELAB TAEKWONDO SPU PENANG,375,NUR NABILAH AMANI,no,9 - 11 FTAEGEUK 7G8,B143,R,B141,B,,,,,,
1,POOMSAE CARNIVAL,Day1/POOMSAE CARNIVAL TM LIST.pdf,17,KELAB TAEKWONDO SPU PENANG,376,NUR NAWAL HUSNA,no,9 - 11 FTAEGEUK 7G8,B143,B,B140,R,,,,,,
1,POOMSAE CARNIVAL,Day1/POOMSAE CARNIVAL TM LIST.pdf,18,KELAB TAEKWONDO SPU PENANG,377,DHIA ZARA SOFIA,no,9 - 11 FTAEGEUK 7G8,B143,B,B140,B,,,,,,
1,POOMSAE CARNIVAL,Day1/POOMSAE CARNIVAL TM LIST.pdf,18,KELAB TAEKWONDO SPU PENANG,378,NURUL AMIRA AQILAH,no,9 - 11 FTAEGEUK 7G8,B143,R,B141,R,,,,,,
1,POOMSAE CARNIVAL,Day1/POOMSAE CARNIVAL TM LIST.pdf,18,KELAB TAEKWONDO SPU PENANG,379,NUR FALISHA IMAN,no,9 - 11 FTAEGEUK 7G9,B150,B,B144,R,,,,,,
1,POOMSAE CARNIVAL,Day1/POOMSAE CARNIVAL TM LIST.pdf,18,KELAB TAEKWONDO SPU PENANG,380,NUR AFIFA FATINI,no,9 - 11 FTAEGEUK 7G9,B150,B,B144,B,,,,,,
1,POOMSAE CARNIVAL,Day1/POOMSAE CARNIVAL TM LIST.pdf,18,KELAB TAEKWONDO SPU PENANG,381,HANI HUMAIRA,no,9 - 11 FTAEGEUK 7G9,B150,R,B145,R,,,,,,
1,POOMSAE CARNIVAL,Day1/POOMSAE CARNIVAL TM LIST.pdf,18,KELAB TAEKWONDO SPU PENANG,382,NUR AIRA HUSNA,no,9 - 11 FTAEGEUK 7G9,B150,R,B145,B,,,,,,
1,POOMSAE CARNIVAL,Day1/POOMSAE CARNIVAL TM LIST.pdf,18,KELAB TAEKWONDO SPU PENANG,383,AISY BINTI AKMAL,no,9 - 11 FTAEGEUK 7G10,B151,B,B146,B,,,,,,
1,POOMSAE CARNIVAL,Day1/POOMSAE CARNIVAL TM LIST.pdf,18,KELAB TAEKWONDO SPU PENANG,409,MUHAMMAD UZAIR,no,12 - 14 MTAEGEUK 3G2,C19,B,C17,R,,,,,,
1,POOMSAE CARNIVAL,Day1/POOMSAE CARNIVAL TM LIST.pdf,18,KELAB TAEKWONDO SPU PENANG,437,MUHAMMAD IZZ AMMAR AMSYAR,no,12 - 14 MTAEGEUK 7G5,C74,R,C69,B,,,,,,
1,POOMSAE CARNIVAL,Day1/POOMSAE CARNIVAL TM LIST.pdf,18,KELAB TAEKWONDO SPU PENANG,438,MUHAMMAD NUH BIN MD LAZIM,no,12 - 14 MTAEGEUK 7G6,C75,R,C71,R,,,,,,
1,POOMSAE CARNIVAL,Day1/POOMSAE CARNIVAL TM LIST.pdf,18,KELAB TAEKWONDO SPU PENANG,439,MUHAMMAD ALIF ASYRAAF,no,12 - 14 MTAEGEUK 7G6,C75,B,C70,R,,,,,,
1,POOMSAE CARNIVAL,Day1/POOMSAE CARNIVAL TM LIST.pdf,18,KELAB TAEKWONDO SPU PENANG,440,MUHAMAD SHAFII ARFAN,no,12 - 14 MTAEGEUK 7G6,C75,R,C71,B,,,,,,
1,POOMSAE CARNIVAL,Day1/POOMSAE CARNIVAL TM LIST.pdf,18,KELAB TAEKWONDO SPU PENANG,456,AAKIF IQHWAN,no,12 - 14 MTAEGEUK 8G3,C116,B,C113,B,,,,,,
1,POOMSAE CARNIVAL,Day1/POOMSAE CARNIVAL TM LIST.pdf,18,KELAB TAEKWONDO SPU PENANG,457,MUHAMMAD DARWISH HAIKAL,no,12 - 14 MTAEGEUK 8G4,C117,R,C115,R,,,,,,
1,POOMSAE CARNIVAL,Day1/POOMSAE CARNIVAL TM LIST.pdf,18,KELAB TAEKWONDO SPU PENANG,472,DEV,no,15 - 17 MKORYOG4,C164,B,C160,B,,,,,,
1,POOMSAE CARNIVAL,Day1/POOMSAE CARNIVAL TM LIST.pdf,18,KELAB TAEKWONDO SPU PENANG,502,MOHAMAD ZAYYADH RIZQI,no,6 - 8 MTAEGEUK 1G6,A17,B,A15,B,,,,,,
1,POOMSAE CARNIVAL,Day1/POOMSAE CARNIVAL TM LIST.pdf,18,KELAB TAEKWONDO SPU PENANG,503,MUHAMMAD MALIQ RIZQI,no,6 - 8 MTAEGEUK 1G6,A17,R,,,,,,,,
1,POOMSAE CARNIVAL,Day1/POOMSAE CARNIVAL TM LIST.pdf,18,KELAB TAEKWONDO SPU PENANG,519,ILHAN ZIKRI,no,6 - 8 MTAEGEUK 3G3,A31,R,,,,,,,,
1,POOMSAE CARNIVAL,Day1/POOMSAE CARNIVAL TM LIST.pdf,18,KELAB TAEKWONDO SPU PENANG,520,MUHAMMAD ZAFRI,no,6 - 8 MTAEGEUK 3G3,A31,B,A28,B,,,,,,
1,POOMSAE CARNIVAL,Day1/POOMSAE CARNIVAL TM LIST.pdf,18,KELAB TAEKWONDO SPU PENANG,521,MUHAMMAD RIZQ IRSHAD,no,6 - 8 MTAEGEUK 3G4,A32,B,A29,R,,,,,,
1,POOMSAE CARNIVAL,Day1/POOMSAE CARNIVAL TM LIST.pdf,18,KELAB TAEKWONDO SPU PENANG,522,MUHAMMAD BASYIR ALWASSIN,no,6 - 8 MTAEGEUK 3G4,A32,B,A29,B,,,,,,
1,POOMSAE CARNIVAL,Day1/POOMSAE CARNIVAL TM LIST.pdf,18,KELAB TAEKWONDO SPU PENANG,523,MOHAMAD NURGHAZI MIKAEL,no,6 - 8 MTAEGEUK 3G4,A32,R,,,,,,,,
1,POOMSAE CARNIVAL,Day1/POOMSAE CARNIVAL TM LIST.pdf,18,KELAB TAEKWONDO SPU PENANG,524,MUHAMMAD AISY SAFIY,no,6 - 8 MTAEGEUK 3G5,A33,B,A30,B,,,,,,
1,POOMSAE CARNIVAL,Day1/POOMSAE CARNIVAL TM LIST.pdf,18,KELAB TAEKWONDO SPU PENANG,531,MUHAMMAD ANIQ ARYAAN,no,6 - 8 MTAEGEUK 5G2,A37,R,,,,,,,,
1,POOMSAE CARNIVAL,Day1/POOMSAE CARNIVAL TM LIST.pdf,18,KELAB TAEKWONDO SPU PENANG,532,AHNAF DASUKI,no,6 - 8 MTAEGEUK 5G2,A37,B,A35,R,,,,,,
1,POOMSAE CARNIVAL,Day1/POOMSAE CARNIVAL TM LIST.pdf,18,KELAB TAEKWONDO SPU PENANG,537,MUHAMMAD ZULHUZAIFAH,no,6 - 8 MTAEGEUK 7G2,A41,B,A39,R,,,,,,
1,POOMSAE CARNIVAL,Day1/POOMSAE CARNIVAL TM LIST.pdf,18,KELAB TAEKWONDO SPU PENANG,538,REHAN BISTA,no,6 - 8 MTAEGEUK 7G2,A41,R,,,,,,,,
1,POOMSAE CARNIVAL,Day1/POOMSAE CARNIVAL TM LIST.pdf,18,KELAB TAEKWONDO SPU PENANG,552,MUHAMAD SHAQIL ADRIN,no,9 - 11 MTAEGEUK 1G4,A51,R,A49,B,,,,,,
1,POOMSAE CARNIVAL,Day1/POOMSAE CARNIVAL TM LIST.pdf,18,KELAB TAEKWONDO SPU PENANG,572,MUHAMMAD AFWAN KAISAR,no,9 - 11 MTAEGEUK 3G4,A64,R,A62,B,,,,,,
1,POOMSAE CARNIVAL,Day1/POOMSAE CARNIVAL TM LIST.pdf,18,KELAB TAEKWONDO SPU PENANG,573,MUHAMAD IZWAN MIKAIL,no,9 - 11 MTAEGEUK 3G4,A64,B,A61,B,,,,,,
1,POOMSAE CARNIVAL,Day1/POOMSAE CARNIVAL TM LIST.pdf,18,KELAB TAEKWONDO SPU PENANG,574,MUHAMMAD AMSYAR LUTFI,no,9 - 11 MTAEGEUK 3G5,A69,R,A66,B,,,,,,
1,POOMSAE CARNIVAL,Day1/POOMSAE CARNIVAL TM LIST.pdf,18,KELAB TAEKWONDO SPU PENANG,575,AHMAD FAWWAZ HAKIM,no,9 - 11 MTAEGEUK 3G5,A69,B,A65,R,,,,,,
1,POOMSAE CARNIVAL,Day1/POOMSAE CARNIVAL TM LIST.pdf,18,KELAB TAEKWONDO SPU PENANG,576,MUHAMMAD AL FATEH,no,9 - 11 MTAEGEUK 3G5,A69,R,A66,R,,,,,,
1,POOMSAE CARNIVAL,Day1/POOMSAE CARNIVAL TM LIST.pdf,18,KELAB TAEKWONDO SPU PENANG,596,MOHAMAD AIMAN FARIS,no,9 - 11 MTAEGEUK 5G4,A82,B,A79,R,,,,,,
1,POOMSAE CARNIVAL,Day1/POOMSAE CARNIVAL TM LIST.pdf,18,KELAB TAEKWONDO SPU PENANG,631,YASSER ARAFAT,no,9 - 11 MTAEGEUK 7G6,A108,B,A104,B,,,,,,
1,POOMSAE CARNIVAL,Day1/POOMSAE CARNIVAL TM LIST.pdf,18,KELAB TAEKWONDO SPU PENANG,632,MUHAMMAD DINIE RAYYAN,no,9 - 11 MTAEGEUK 7G6,A108,R,A105,B,,,,,,
1,POOMSAE CARNIVAL,Day1/POOMSAE CARNIVAL TM LIST.pdf,18,KELAB TAEKWONDO SPU PENANG,633,NOAH AQIL,no,9 - 11 MTAEGEUK 7G7,A115,B,A109,B,,,,,,
1,POOMSAE CARNIVAL,Day1/POOMSAE CARNIVAL TM LIST.pdf,19,KELAB TAEKWONDO SPU PENANG,634,MOHAMAD KHAIRUL AZIZI,no,9 - 11 MTAEGEUK 7G7,A115,R,A110,B,,,,,,
1,POOMSAE CARNIVAL,Day1/POOMSAE CARNIVAL TM LIST.pdf,19,KELAB TAEKWONDO SPU PENANG,635,MUHAMMAD MUAZ MUKHRIZ,no,9 - 11 MTAEGEUK 7G7,A115,B,A109,R,,,,,,
1,POOMSAE CARNIVAL,Day1/POOMSAE CARNIVAL TM LIST.pdf,19,KELAB TAEKWONDO SPU PENANG,636,HABIB FATEH SHAH,no,9 - 11 MTAEGEUK 7G7,A115,R,A110,R,,,,,,
1,POOMSAE CARNIVAL,Day1/POOMSAE CARNIVAL TM LIST.pdf,19,KELAB TAEKWONDO SPU PENANG,637,MUHAMMAD AIMAN ADHA HAKIM,no,9 - 11 MTAEGEUK 7G8,A116,B,A111,R,,,,,,
1,POOMSAE CARNIVAL,Day1/POOMSAE CARNIVAL TM LIST.pdf,19,KELAB TAEKWONDO SPU PENANG,638,MOHD FIRASH ANAQI,no,9 - 11 MTAEGEUK 7G8,A116,R,A112,B,,,,,,
1,POOMSAE CARNIVAL,Day1/POOMSAE CARNIVAL TM LIST.pdf,19,KELAB TAEKWONDO SPU PENANG,639,MUHAMMAD AMRIZQIE MIZWAN,no,9 - 11 MTAEGEUK 7G8,A116,B,A111,B,,,,,,
1,POOMSAE CARNIVAL,Day1/POOMSAE CARNIVAL TM LIST.pdf,19,KELAB TAEKWONDO SPU PENANG,640,TUAH AL FATEH,no,9 - 11 MTAEGEUK 7G8,A116,R,A112,R,,,,,,
1,POOMSAE CARNIVAL,Day1/POOMSAE CARNIVAL TM LIST.pdf,19,KELAB TAEKWONDO SPU PENANG,651,MUHAMMAD ZULKARNAIN,no,9 - 11 MTAEGEUK 8G3,A123,B,A120,B,,,,,,
1,POOMSAE CARNIVAL,Day1/POOMSAE CARNIVAL TM LIST.pdf,19,KELAB TAEKWONDO SPU PENANG,652,MUHAMMAD QHALEEF ARRIZQI,no,9 - 11 MTAEGEUK 8G3,A123,R,,,,,,,,
1,POOMSAE CARNIVAL,Day1/POOMSAE CARNIVAL TM LIST.pdf,20,KELAB TAEKWONDO YIKANG BIDOR,142,U BEI YI,no,15 - 17 FKORYO,A149,B,A145,R,,,,,,
1,POOMSAE CARNIVAL,Day1/POOMSAE CARNIVAL TM LIST.pdf,20,KELAB TAEKWONDO YIKANG BIDOR,233,Thoo Kuan Yi,no,6 - 8 FTAEGEUK 5G2,B35,B,,,,,,,,
1,POOMSAE CARNIVAL,Day1/POOMSAE CARNIVAL TM LIST.pdf,20,KELAB TAEKWONDO YIKANG BIDOR,248,TAN YING YEE,no,9 - 11 FTAEGEUK 1,B48,R,B45,B,,,,,,
1,POOMSAE CARNIVAL,Day1/POOMSAE CARNIVAL TM LIST.pdf,20,KELAB TAEKWONDO YIKANG BIDOR,424,ANGUS CHONG CHIE JIE,no,12 - 14 MTAEGEUK 7G2,C61,B,C58,R,,,,,,
1,POOMSAE CARNIVAL,Day1/POOMSAE CARNIVAL TM LIST.pdf,20,KELAB TAEKWONDO YIKANG BIDOR,425,U WINN SAM,no,12 - 14 MTAEGEUK 7G2,C61,R,C59,B,,,,,,
1,POOMSAE CARNIVAL,Day1/POOMSAE CARNIVAL TM LIST.pdf,20,KELAB TAEKWONDO YIKANG BIDOR,462,U WINN JAY,no,15 - 17 MKORYO,C157,B,C153,B,,,,,,
1,POOMSAE CARNIVAL,Day1/POOMSAE CARNIVAL TM LIST.pdf,20,KELAB TAEKWONDO YIKANG BIDOR,484,SANTOSH A/L PUWANESWARAN,no,6 - 8 MTAEGEUK 1,A05,R,A02,R,,,,,,
1,POOMSAE CARNIVAL,Day1/POOMSAE CARNIVAL TM LIST.pdf,20,KELAB TAEKWONDO YIKANG BIDOR,527,NOAH ISKANDAR BIN MOHD HAFIZUDIN,no,6 - 8 MTAEGEUK 5,A36,B,A34,R,,,,,,
1,POOMSAE CARNIVAL,Day1/POOMSAE CARNIVAL TM LIST.pdf,20,KELAB TAEKWONDO YIKANG BIDOR,584,HANSION KHOR,no,9 - 11 MTAEGEUK 5,A75,R,A72,B,,,,,,
1,POOMSAE CARNIVAL,Day1/POOMSAE CARNIVAL TM LIST.pdf,20,KELAB TAEKWONDO YIKANG BIDOR,585,YEE YIN XUAN,no,9 - 11 MTAEGEUK 5,A75,B,A71,B,,,,,,
1,POOMSAE CARNIVAL,Day1/POOMSAE CARNIVAL TM LIST.pdf,20,KELAB TAEKWONDO YIKANG BIDOR,610,AISH IRFAN HAQEEM BIN MOHD HAFIZ...,yes,9 - 11 MTAEGEUK 7,A97,R,A92,R,,,,,,
1,POOMSAE CARNIVAL,Day1/POOMSAE CARNIVAL TM LIST.pdf,20,KELAB TAEKWONDO YIKANG BIDOR,611,DYLAN TONG YONG XUAN,no,9 - 11 MTAEGEUK 7,A97,B,A91,R,,,,,,
1,POOMSAE CARNIVAL,Day1/POOMSAE CARNIVAL TM LIST.pdf,20,KELAB TAEKWONDO YIKANG BIDOR,612,LEE JAYDEN,no,9 - 11 MTAEGEUK 7,A97,R,A92,B,,,,,,
1,POOMSAE CARNIVAL,Day1/POOMSAE CARNIVAL TM LIST.pdf,21,KELAB TAEKWONDO YIKANG BOTANI,069,HAYLEY TEH ZI QIAO,no,12 - 14 FTAEGEUK 7G4,C88,R,C86,R,,,,,,
1,POOMSAE CARNIVAL,Day1/POOMSAE CARNIVAL TM LIST.pdf,21,KELAB TAEKWONDO YIKANG BOTANI,115,CHUNG ZHI YU,no,12 - 14 FTAEGEUK 8G5,C134,R,C131,B,,,,,,
1,POOMSAE CARNIVAL,Day1/POOMSAE CARNIVAL TM LIST.pdf,21,KELAB TAEKWONDO YIKANG BOTANI,116,CHIN HUI MIN,no,12 - 14 FTAEGEUK 8G5,C134,B,C130,R,,,,,,
1,POOMSAE CARNIVAL,Day1/POOMSAE CARNIVAL TM LIST.pdf,21,KELAB TAEKWONDO YIKANG BOTANI,117,QUEENA FOO SYUEN,no,12 - 14 FTAEGEUK 8G6,C135,B,C132,B,,,,,,
1,POOMSAE CARNIVAL,Day1/POOMSAE CARNIVAL TM LIST.pdf,21,KELAB TAEKWONDO YIKANG BOTANI,123,CHAN WEN XIN,no,12 - 14 FTAEGEUK 8G7,C140,R,C137,R,,,,,,
1,POOMSAE CARNIVAL,Day1/POOMSAE CARNIVAL TM LIST.pdf,21,KELAB TAEKWONDO YIKANG BOTANI,149,WONG SI EN,no,15 - 17 FKORYOG3,A155,B,A151,B,,,,,,
1,POOMSAE CARNIVAL,Day1/POOMSAE CARNIVAL TM LIST.pdf,21,KELAB TAEKWONDO YIKANG BOTANI,266,RAELYNN LIM SHIN TIAN,no,9 - 11 FTAEGEUK 1G6,B61,R,B59,B,,,,,,
1,POOMSAE CARNIVAL,Day1/POOMSAE CARNIVAL TM LIST.pdf,21,KELAB TAEKWONDO YIKANG BOTANI,284,LAM HUI QI,no,9 - 11 FTAEGEUK 3G4,B73,R,B71,R,,,,,,
1,POOMSAE CARNIVAL,Day1/POOMSAE CARNIVAL TM LIST.pdf,21,KELAB TAEKWONDO YIKANG BOTANI,319,NG YUAN YUAN,no,9 - 11 FTAEGEUK 5G4,B100,B,B97,B,,,,,,
1,POOMSAE CARNIVAL,Day1/POOMSAE CARNIVAL TM LIST.pdf,21,KELAB TAEKWONDO YIKANG BOTANI,320,ATHENA CHAN XIN,no,9 - 11 FTAEGEUK 5G4,B100,R,B98,B,,,,,,
1,POOMSAE CARNIVAL,Day1/POOMSAE CARNIVAL TM LIST.pdf,21,KELAB TAEKWONDO YIKANG BOTANI,321,THOO KUAN KUAN,no,9 - 11 FTAEGEUK 5G5,B105,R,B102,R,,,,,,
1,POOMSAE CARNIVAL,Day1/POOMSAE CARNIVAL TM LIST.pdf,21,KELAB TAEKWONDO YIKANG BOTANI,325,WONG METTHEA,no,9 - 11 FTAEGEUK 5G6,B106,R,B104,R,,,,,,
1,POOMSAE CARNIVAL,Day1/POOMSAE CARNIVAL TM LIST.pdf,21,KELAB TAEKWONDO YIKANG BOTANI,370,DAPHNE SEE WEN QI,no,9 - 11 FTAEGEUK 7G6,B137,R,B135,R,,,,,,
1,POOMSAE CARNIVAL,Day1/POOMSAE CARNIVAL TM LIST.pdf,21,KELAB TAEKWONDO YIKANG BOTANI,388,THOO KUAN KUAN,no,9 - 11 FTAEGEUK 7G11,B152,B,B148,R,,,,,,
1,POOMSAE CARNIVAL,Day1/POOMSAE CARNIVAL TM LIST.pdf,21,KELAB TAEKWONDO YIKANG BOTANI,394,CHIN XIANG QII,no,9 - 11 FTAEGEUK 8,B156,R,B154,R,,,,,,
1,POOMSAE CARNIVAL,Day1/POOMSAE CARNIVAL TM LIST.pdf,21,KELAB TAEKWONDO YIKANG BOTANI,429,DAWKINS SEE POK HIM,no,12 - 14 MTAEGEUK 7G3,C66,R,C63,R,,,,,,
1,POOMSAE CARNIVAL,Day1/POOMSAE CARNIVAL TM LIST.pdf,21,KELAB TAEKWONDO YIKANG BOTANI,430,TAN KIM LONG,no,12 - 14 MTAEGEUK 7G4,C67,R,C65,R,,,,,,
1,POOMSAE CARNIVAL,Day1/POOMSAE CARNIVAL TM LIST.pdf,21,KELAB TAEKWONDO YIKANG BOTANI,431,CHAN HOU JUN,no,12 - 14 MTAEGEUK 7G4,C67,B,C64,R,,,,,,
1,POOMSAE CARNIVAL,Day1/POOMSAE CARNIVAL TM LIST.pdf,21,KELAB TAEKWONDO YIKANG BOTANI,467,LIEW JUN YANG,no,15 - 17 MKORYOG2,C158,B,C155,R,,,,,,
1,POOMSAE CARNIVAL,Day1/POOMSAE CARNIVAL TM LIST.pdf,21,KELAB TAEKWONDO YIKANG BOTANI,470,CHONG WENG HONG,no,15 - 17 MKORYOG3,C163,B,C159,R,,,,,,
1,POOMSAE CARNIVAL,Day1/POOMSAE CARNIVAL TM LIST.pdf,21,KELAB TAEKWONDO YIKANG BOTANI,546,JACK YONG ZHAN HAO,no,9 - 11 MTAEGEUK 1G2,A46,B,A42,B,,,,,,
1,POOMSAE CARNIVAL,Day1/POOMSAE CARNIVAL TM LIST.pdf,21,KELAB TAEKWONDO YIKANG BOTANI,556,CHOH JUN QIAN,no,9 - 11 MTAEGEUK 1G5,A52,B,A50,R,,,,,,
1,POOMSAE CARNIVAL,Day1/POOMSAE CARNIVAL TM LIST.pdf,21,KELAB TAEKWONDO YIKANG BOTANI,565,IAN PHONG EU UE,no,9 - 11 MTAEGEUK 3G2,A58,B,A55,B,,,,,,
1,POOMSAE CARNIVAL,Day1/POOMSAE CARNIVAL TM LIST.pdf,21,KELAB TAEKWONDO YIKANG BOTANI,592,TEOH CHENG ZHE,no,9 - 11 MTAEGEUK 5G3,A81,B,A77,B,,,,,,
1,POOMSAE CARNIVAL,Day1/POOMSAE CARNIVAL TM LIST.pdf,21,KELAB TAEKWONDO YIKANG BOTANI,619,HENRY TEH KAI WEN,no,9 - 11 MTAEGEUK 7G3,A99,B,A95,B,,,,,,
1,POOMSAE CARNIVAL,Day1/POOMSAE CARNIVAL TM LIST.pdf,21,KELAB TAEKWONDO YIKANG BOTANI,620,NATHAN LIM WEN WEI,no,9 - 11 MTAEGEUK 7G3,A99,R,A96,B,,,,,,
1,POOMSAE CARNIVAL,Day1/POOMSAE CARNIVAL TM LIST.pdf,21,KELAB TAEKWONDO YIKANG BOTANI,621,TEOH CHENG YI,no,9 - 11 MTAEGEUK 7G4,A106,R,A101,R,,,,,,
1,POOMSAE CARNIVAL,Day1/POOMSAE CARNIVAL TM LIST.pdf,21,KELAB TAEKWONDO YIKANG BOTANI,623,CYRUS YONG RUO XI,no,9 - 11 MTAEGEUK 7G4,A106,B,A100,R,,,,,,
1,POOMSAE CARNIVAL,Day1/POOMSAE CARNIVAL TM LIST.pdf,22,KORYO DAMANSARA,213,NAWRA NUR NAYLIE BINTI,no,6 - 8 FTAEGEUK 3,B25,B,B21,R,,,,,,
1,POOMSAE CARNIVAL,Day1/POOMSAE CARNIVAL TM LIST.pdf,22,KORYO DAMANSARA,216,AALIA BINTI MOHD AMIR SYAFIQ,no,6 - 8 FTAEGEUK 3,B25,R,B22,R,,,,,,
1,POOMSAE CARNIVAL,Day1/POOMSAE CARNIVAL TM LIST.pdf,22,KORYO DAMANSARA,269,nur aira qaisara binti hapizul,no,9 - 11 FTAEGEUK 3,B66,R,B63,B,,,,,,
1,POOMSAE CARNIVAL,Day1/POOMSAE CARNIVAL TM LIST.pdf,22,KORYO DAMANSARA,270,Raysha Aulia bt Mohd Haikal,no,9 - 11 FTAEGEUK 3,B66,B,B62,B,,,,,,
1,POOMSAE CARNIVAL,Day1/POOMSAE CARNIVAL TM LIST.pdf,22,KORYO DAMANSARA,305,NUR HANNA QALISYA BINTI MD MUSTA...,yes,9 - 11 FTAEGEUK 5,B93,B,B89,R,,,,,,
1,POOMSAE CARNIVAL,Day1/POOMSAE CARNIVAL TM LIST.pdf,22,KORYO DAMANSARA,347,Auni Khalisa Binti Mohd Ridhuan,no,9 - 11 FTAEGEUK 7,B124,R,B121,B,,,,,,
1,POOMSAE CARNIVAL,Day1/POOMSAE CARNIVAL TM LIST.pdf,22,KORYO DAMANSARA,348,NAYLA ATIYA BINTI NASRUL ADLAN,no,9 - 11 FTAEGEUK 7,B124,R,B121,R,,,,,,
1,POOMSAE CARNIVAL,Day1/POOMSAE CARNIVAL TM LIST.pdf,22,KORYO DAMANSARA,349,AMANDA IZZ ZAYANI BINTI ZAINAL,no,9 - 11 FTAEGEUK 7,B124,B,B120,R,,,,,,
1,POOMSAE CARNIVAL,Day1/POOMSAE CARNIVAL TM LIST.pdf,22,KORYO DAMANSARA,391,ADELIA IZZ ZARA BT FALIQ FIRDAUS,no,9 - 11 FTAEGEUK 8,B156,B,B153,R,,,,,,
1,POOMSAE CARNIVAL,Day1/POOMSAE CARNIVAL TM LIST.pdf,22,KORYO DAMANSARA,412,NAJMI AQIL BIN NASRUL ADLAN,no,12 - 14 MTAEGEUK 5,C36,B,C34,B,,,,,,
1,POOMSAE CARNIVAL,Day1/POOMSAE CARNIVAL TM LIST.pdf,22,KORYO DAMANSARA,418,ABDULLAH HAFIY BIN ABDUL HAFIDZ,no,12 - 14 MTAEGEUK 7,C60,R,C57,R,,,,,,
1,POOMSAE CARNIVAL,Day1/POOMSAE CARNIVAL TM LIST.pdf,22,KORYO DAMANSARA,419,MUHAMMAD ADAM YUSUF BIN NAJWAN,no,12 - 14 MTAEGEUK 7,C60,B,C56,R,,,,,,
1,POOMSAE CARNIVAL,Day1/POOMSAE CARNIVAL TM LIST.pdf,22,KORYO DAMANSARA,421,MUHAMMAD AMIR ZAHIN BIN ZAINAL,no,12 - 14 MTAEGEUK 7,C60,R,C57,B,,,,,,
1,POOMSAE CARNIVAL,Day1/POOMSAE CARNIVAL TM LIST.pdf,22,KORYO DAMANSARA,558,NAFAL AREEF BIN NASRUL ADLAN,no,9 - 11 MTAEGEUK 3,A57,B,A53,R,,,,,,
1,POOMSAE CARNIVAL,Day1/POOMSAE CARNIVAL TM LIST.pdf,23,Kelab Beyond Taekwondo Nilai,141,Parveshini Thirukumern,no,15 - 17 FKORYO,A149,B,A145,B,,,,,,
1,POOMSAE CARNIVAL,Day1/POOMSAE CARNIVAL TM LIST.pdf,23,Kelab Beyond Taekwondo Nilai,461,Joel raj a/l Rajah,no,15 - 17 MKORYO,C157,R,C154,R,,,,,,
1,POOMSAE CARNIVAL,Day1/POOMSAE CARNIVAL TM LIST.pdf,24,Kelab Taekwondo Yikang (Bercham),016,LIEW SZE MIN,no,12 - 14 FTAEGEUK 3,C24,R,C21,B,,,,,,
1,POOMSAE CARNIVAL,Day1/POOMSAE CARNIVAL TM LIST.pdf,24,Kelab Taekwondo Yikang (Bercham),032,YEE HUI YIN,no,12 - 14 FTAEGEUK 5,C42,R,C39,R,,,,,,
1,POOMSAE CARNIVAL,Day1/POOMSAE CARNIVAL TM LIST.pdf,24,Kelab Taekwondo Yikang (Bercham),173,TAN YIN YEE,no,15 - 17 FTAEGEUK 5G3,A137,B,A135,B,,,,,,
1,POOMSAE CARNIVAL,Day1/POOMSAE CARNIVAL TM LIST.pdf,24,Kelab Taekwondo Yikang (Bercham),217,EMMELINE CHONG,no,6 - 8 FTAEGEUK 3G2,B26,R,B24,B,,,,,,
1,POOMSAE CARNIVAL,Day1/POOMSAE CARNIVAL TM LIST.pdf,24,Kelab Taekwondo Yikang (Bercham),567,CHAN YI SHEN,no,9 - 11 MTAEGEUK 3G3,A63,R,A60,B,,,,,,
1,POOMSAE CARNIVAL,Day1/POOMSAE CARNIVAL TM LIST.pdf,25,MAC TAEKWONDO CLUB,460,MUHAMMAD NOAH BIN MOHAMMAD HA...,yes,12 - 14 MTAEGEUK 8G4,C117,B,C114,R,,,,,,
1,POOMSAE CARNIVAL,Day1/POOMSAE CARNIVAL TM LIST.pdf,25,MAC TAEKWONDO CLUB,475,Syazani Fiqri bin Syaiful fadzli,no,15 - 17 MTAEGEUK 3,,,,,,,,,,
1,POOMSAE CARNIVAL,Day1/POOMSAE CARNIVAL TM LIST.pdf,25,MAC TAEKWONDO CLUB,628,MUHAMMAD ARSYAD BIN ABDUL MUNIR,no,9 - 11 MTAEGEUK 7G5,A107,B,A102,R,,,,,,
1,POOMSAE CARNIVAL,Day1/POOMSAE CARNIVAL TM LIST.pdf,26,MACTS,193,Maryam Malika binti Daniel Asyraf,no,6 - 8 FTAEGEUK 1G2,B06,R,B04,R,,,,,,
1,POOMSAE CARNIVAL,Day1/POOMSAE CARNIVAL TM LIST.pdf,26,MACTS,194,Nur Damiaa Darwisyah bt mohamad faiz,no,6 - 8 FTAEGEUK 1G3,B11,R,B08,R,,,,,,
1,POOMSAE CARNIVAL,Day1/POOMSAE CARNIVAL TM LIST.pdf,26,MACTS,254,Aleena Farheen binti Mohd Shaffuan,no,9 - 11 FTAEGEUK 1G3,B54,R,B51,R,,,,,,
1,POOMSAE CARNIVAL,Day1/POOMSAE CARNIVAL TM LIST.pdf,26,MACTS,453,Muhammad Haziq Bin Jamalludin,no,12 - 14 MTAEGEUK 8G2,C112,R,C110,R,,,,,,
1,POOMSAE CARNIVAL,Day1/POOMSAE CARNIVAL TM LIST.pdf,27,MATSA TAEKWONDO CLUB,144,Ainaa Batrisyia Bt Mohamad Irwan,no,15 - 17 FKORYOG2,A150,R,A148,B,,,,,,
1,POOMSAE CARNIVAL,Day1/POOMSAE CARNIVAL TM LIST.pdf,28,POWER KEDAH,022,DHIA ZULAIKHA BINTI MOHD ABDULLAH,no,12 - 14 FTAEGEUK 3G3,C31,R,C27,R,,,,,,
1,POOMSAE CARNIVAL,Day1/POOMSAE CARNIVAL TM LIST.pdf,28,POWER KEDAH,246,QISYA NUR ZAHRA BINTI MOHAMAD SY...,yes,9 - 11 FTAEGEUK 1,B48,B,B44,R,,,,,,
1,POOMSAE CARNIVAL,Day1/POOMSAE CARNIVAL TM LIST.pdf,28,POWER KEDAH,247,RAISYA NUR AMMARA BINTI MOHAMAD ...,yes,9 - 11 FTAEGEUK 1,B48,R,B45,R,,,,,,
1,POOMSAE CARNIVAL,Day1/POOMSAE CARNIVAL TM LIST.pdf,28,POWER KEDAH,304,DHAANIEYA,no,9 - 11 FTAEGEUK 3G9,B88,B,B84,B,,,,,,
1,POOMSAE CARNIVAL,Day1/POOMSAE CARNIVAL TM LIST.pdf,28,POWER KEDAH,307,Felisha Amani binti Mohd Faarid,no,9 - 11 FTAEGEUK 5,B93,B,B89,B,,,,,,
1,POOMSAE CARNIVAL,Day1/POOMSAE CARNIVAL TM LIST.pdf,28,POWER KEDAH,355,NUR ARA RAISYYAH BINTI MOHD SAIFU...,yes,9 - 11 FTAEGEUK 7G3,B130,B,B126,B,,,,,,
1,POOMSAE CARNIVAL,Day1/POOMSAE CARNIVAL TM LIST.pdf,28,POWER KEDAH,506,MUHAMMAD RUWAFI RAYYAN BIN MOH...,yes,6 - 8 MTAEGEUK 1G7,A20,B,A18,B,,,,,,
1,POOMSAE CARNIVAL,Day1/POOMSAE CARNIVAL TM LIST.pdf,29,Pearl Taekwondo Club,154,Nur Amanina Husna binti Azwan,no,15 - 17 FKORYOG4,A156,R,A154,B,,,,,,
1,POOMSAE CARNIVAL,Day1/POOMSAE CARNIVAL TM LIST.pdf,29,Pearl Taekwondo Club,176,Siah Pei Shan,no,15 - 17 FTAEGEUK 5G4,A138,B,A136,R,,,,,,
1,POOMSAE CARNIVAL,Day1/POOMSAE CARNIVAL TM LIST.pdf,29,Pearl Taekwondo Club,210,Afeeya Madina binti Ahmad Khairul Aizat,no,6 - 8 FTAEGEUK 1G7,B20,B,B17,R,,,,,,
1,POOMSAE CARNIVAL,Day1/POOMSAE CARNIVAL TM LIST.pdf,29,Pearl Taekwondo Club,211,Alisha Saffiya binti Abdul Hakim,no,6 - 8 FTAEGEUK 1G7,B20,R,,,,,,,,
1,POOMSAE CARNIVAL,Day1/POOMSAE CARNIVAL TM LIST.pdf,29,Pearl Taekwondo Club,232,Farah Teja Iftinan binti Ahmad Fahmi,no,6 - 8 FTAEGEUK 5G2,B35,R,,,,,,,,
1,POOMSAE CARNIVAL,Day1/POOMSAE CARNIVAL TM LIST.pdf,29,Pearl Taekwondo Club,244,Khaira Hanan binti Hairul Rizal,no,6 - 8 FTAEGEUK 7G3,B43,B,B40,R,,,,,,
1,POOMSAE CARNIVAL,Day1/POOMSAE CARNIVAL TM LIST.pdf,29,Pearl Taekwondo Club,507,Muhammad Aisy Mateen bin Ahmad Kha...,yes,6 - 8 MTAEGEUK 1G8,A21,B,A19,B,,,,,,
1,POOMSAE CARNIVAL,Day1/POOMSAE CARNIVAL TM LIST.pdf,29,Pearl Taekwondo Club,508,Muhammad Ali Bin Abdul Hakim,no,6 - 8 MTAEGEUK 1G8,A21,R,,,,,,,,
1,POOMSAE CARNIVAL,Day1/POOMSAE CARNIVAL TM LIST.pdf,29,Pearl Taekwondo Club,581,Muhammad Faqih bin Md Saifullah,no,9 - 11 MTAEGEUK 3G6,A70,R,A68,R,,,,,,
1,POOMSAE CARNIVAL,Day1/POOMSAE CARNIVAL TM LIST.pdf,29,Pearl Taekwondo Club,605,Muhammad Nuh Afeef bin Azwan,no,9 - 11 MTAEGEUK 5G6,A89,B,A85,B,,,,,,
1,POOMSAE CARNIVAL,Day1/POOMSAE CARNIVAL TM LIST.pdf,29,Pearl Taekwondo Club,607,Ziyad Ahmad bin Anis Ahmad,no,9 - 11 MTAEGEUK 5G7,A90,B,A87,R,,,,,,
1,POOMSAE CARNIVAL,Day1/POOMSAE CARNIVAL TM LIST.pdf,30,RSB TAEKWONDO CLUB,002,NURFARIHAH CHAN BINTI HANIF CHAN,no,12 - 14 FTAEGEUK 1,C12,B,C06,R,,,,,,
1,POOMSAE CARNIVAL,Day1/POOMSAE CARNIVAL TM LIST.pdf,30,RSB TAEKWONDO CLUB,003,NUR ALEESYA ROZILIA BINTI ALIAS,no,12 - 14 FTAEGEUK 1,C12,R,C07,B,,,,,,
1,POOMSAE CARNIVAL,Day1/POOMSAE CARNIVAL TM LIST.pdf,30,RSB TAEKWONDO CLUB,004,NURUL AINA SABRINA BINTI MUHAMMA...,yes,12 - 14 FTAEGEUK 1,C12,B,C06,B,,,,,,
1,POOMSAE CARNIVAL,Day1/POOMSAE CARNIVAL TM LIST.pdf,30,RSB TAEKWONDO CLUB,008,SHAKIRA ARIANA BINTI ADZMEN,no,12 - 14 FTAEGEUK 1G2,C13,R,C09,B,,,,,,
1,POOMSAE CARNIVAL,Day1/POOMSAE CARNIVAL TM LIST.pdf,30,RSB TAEKWONDO CLUB,015,FATIN AMNI BINTI UMARZAKIR,no,12 - 14 FTAEGEUK 3,C24,B,C20,B,,,,,,
1,POOMSAE CARNIVAL,Day1/POOMSAE CARNIVAL TM LIST.pdf,30,RSB TAEKWONDO CLUB,017,IVY CHIN HUI ENG,no,12 - 14 FTAEGEUK 3G2,C25,B,C22,R,,,,,,
1,POOMSAE CARNIVAL,Day1/POOMSAE CARNIVAL TM LIST.pdf,30,RSB TAEKWONDO CLUB,018,MARIE FAUSTINA A/P VINCENT PAUL,no,12 - 14 FTAEGEUK 3G2,C25,R,C23,B,,,,,,
1,POOMSAE CARNIVAL,Day1/POOMSAE CARNIVAL TM LIST.pdf,30,RSB TAEKWONDO CLUB,033,KHADEEJAH BINTI KHAIRIL NAZIM,no,12 - 14 FTAEGEUK 5,C42,B,C38,R,,,,,,
1,POOMSAE CARNIVAL,Day1/POOMSAE CARNIVAL TM LIST.pdf,30,RSB TAEKWONDO CLUB,034,WONG JO-ANN,no,12 - 14 FTAEGEUK 5,C42,R,C39,B,,,,,,
1,POOMSAE CARNIVAL,Day1/POOMSAE CARNIVAL TM LIST.pdf,30,RSB TAEKWONDO CLUB,035,NUR HANA BINTI MOHAMMAD IKHWAN,no,12 - 14 FTAEGEUK 5,C42,B,C38,B,,,,,,
1,POOMSAE CARNIVAL,Day1/POOMSAE CARNIVAL TM LIST.pdf,30,RSB TAEKWONDO CLUB,037,RIANA IZZ ZAHRA BT RHOMA ERMA,no,12 - 14 FTAEGEUK 5G2,C43,R,C41,R,,,,,,
1,POOMSAE CARNIVAL,Day1/POOMSAE CARNIVAL TM LIST.pdf,30,RSB TAEKWONDO CLUB,062,ANNUR FATIYYAH ZAHARA BINTI MOHA...,yes,12 - 14 FTAEGEUK 7G2,C82,B,C79,R,,,,,,
1,POOMSAE CARNIVAL,Day1/POOMSAE CARNIVAL TM LIST.pdf,30,RSB TAEKWONDO CLUB,063,THEEBALAKSHMII A/P NAVEEN RAJ,no,12 - 14 FTAEGEUK 7G2,C82,R,C80,B,,,,,,
1,POOMSAE CARNIVAL,Day1/POOMSAE CARNIVAL TM LIST.pdf,30,RSB TAEKWONDO CLUB,065,EL ZENDRA MEDINA BINTI MAHADHIR,no,12 - 14 FTAEGEUK 7G3,C87,B,C83,B,,,,,,
1,POOMSAE CARNIVAL,Day1/POOMSAE CARNIVAL TM LIST.pdf,30,RSB TAEKWONDO CLUB,068,ALYA HUSNA BT MOHD AMIR HAFIZ,no,12 - 14 FTAEGEUK 7G3,C87,R,C84,B,,,,,,
1,POOMSAE CARNIVAL,Day1/POOMSAE CARNIVAL TM LIST.pdf,30,RSB TAEKWONDO CLUB,074,AINA NUR SYAMIMI BINTI JASNI,no,12 - 14 FTAEGEUK 7G5,C93,R,C90,R,,,,,,
1,POOMSAE CARNIVAL,Day1/POOMSAE CARNIVAL TM LIST.pdf,30,RSB TAEKWONDO CLUB,104,SARAH HUMAIRA' BT NORHADI,no,12 - 14 FTAEGEUK 8G2,C123,R,C121,B,,,,,,
1,POOMSAE CARNIVAL,Day1/POOMSAE CARNIVAL TM LIST.pdf,30,RSB TAEKWONDO CLUB,106,SHAHRI NURDAMIA FATINI BINTI SHAH...,yes,12 - 14 FTAEGEUK 8G3,C128,R,C125,R,,,,,,
1,POOMSAE CARNIVAL,Day1/POOMSAE CARNIVAL TM LIST.pdf,30,RSB TAEKWONDO CLUB,107,ARISSA NABIHAH BINTI ABDUL HANAN,no,12 - 14 FTAEGEUK 8G3,C128,B,C124,R,,,,,,
1,POOMSAE CARNIVAL,Day1/POOMSAE CARNIVAL TM LIST.pdf,30,RSB TAEKWONDO CLUB,143,ANISAH FATINI BINTI KHAIRUNIZAN,no,15 - 17 FKORYO,A149,R,A146,B,,,,,,
1,POOMSAE CARNIVAL,Day1/POOMSAE CARNIVAL TM LIST.pdf,30,RSB TAEKWONDO CLUB,146,NUR FATIHAH BINTI FIRDAUZ,no,15 - 17 FKORYOG2,A150,B,A147,B,,,,,,
1,POOMSAE CARNIVAL,Day1/POOMSAE CARNIVAL TM LIST.pdf,30,RSB TAEKWONDO CLUB,156,NUR QHALISHA AINAA BINTI AMERON,no,15 - 17 FTAEGEUK 1,A127,R,,,,,,,,
1,POOMSAE CARNIVAL,Day1/POOMSAE CARNIVAL TM LIST.pdf,30,RSB TAEKWONDO CLUB,157,ALYA IMANINA BINTI MOHD RAZALI,no,15 - 17 FTAEGEUK 1,A127,B,A124,B,,,,,,
1,POOMSAE CARNIVAL,Day1/POOMSAE CARNIVAL TM LIST.pdf,30,RSB TAEKWONDO CLUB,160,AILA ARIANA BT ANUAR,no,15 - 17 FTAEGEUK 3,A128,B,A125,R,,,,,,
1,POOMSAE CARNIVAL,Day1/POOMSAE CARNIVAL TM LIST.pdf,30,RSB TAEKWONDO CLUB,161,NUR SYIFA' HANNANI BINTI SOFIAN,no,15 - 17 FTAEGEUK 3,A128,R,,,,,,,,
1,POOMSAE CARNIVAL,Day1/POOMSAE CARNIVAL TM LIST.pdf,30,RSB TAEKWONDO CLUB,165,NURSUMAYYAH BINTI SHAMMIZUL,no,15 - 17 FTAEGEUK 5,A133,B,A130,B,,,,,,
1,POOMSAE CARNIVAL,Day1/POOMSAE CARNIVAL TM LIST.pdf,30,RSB TAEKWONDO CLUB,166,FATIMAH AZ-ZAHRA BT NORSYARIMAN,no,15 - 17 FTAEGEUK 5,A133,R,A131,R,,,,,,
1,POOMSAE CARNIVAL,Day1/POOMSAE CARNIVAL TM LIST.pdf,30,RSB TAEKWONDO CLUB,167,BALQISH SOFEA BINTI MOHD FIRDAUS,no,15 - 17 FTAEGEUK 5,A133,R,A131,B,,,,,,
1,POOMSAE CARNIVAL,Day1/POOMSAE CARNIVAL TM LIST.pdf,30,RSB TAEKWONDO CLUB,168,DANIA ALEESYA BINTI HAFIZ HASBULLAH,no,15 - 17 FTAEGEUK 5,A133,B,A130,R,,,,,,
1,POOMSAE CARNIVAL,Day1/POOMSAE CARNIVAL TM LIST.pdf,30,RSB TAEKWONDO CLUB,169,NUR ADRIANA AZWAR BINTI MOHAMAD...,yes,15 - 17 FTAEGEUK 5G2,A134,R,,,,,,,,
1,POOMSAE CARNIVAL,Day1/POOMSAE CARNIVAL TM LIST.pdf,30,RSB TAEKWONDO CLUB,170,ALIFAH NUR RAISCHA BINTI MOHD FADIL,no,15 - 17 FTAEGEUK 5G2,A134,B,A132,R,,,,,,
1,POOMSAE CARNIVAL,Day1/POOMSAE CARNIVAL TM LIST.pdf,30,RSB TAEKWONDO CLUB,171,ADELIA DHIA IRDINA BINTI ABDUL AZIZ,no,15 - 17 FTAEGEUK 5G2,A134,B,A132,B,,,,,,
1,POOMSAE CARNIVAL,Day1/POOMSAE CARNIVAL TM LIST.pdf,30,RSB TAEKWONDO CLUB,172,NURUL AMANINA BINTI MOHAMED ZAMRI,no,15 - 17 FTAEGEUK 5G3,A137,B,A135,R,,,,,,
1,POOMSAE CARNIVAL,Day1/POOMSAE CARNIVAL TM LIST.pdf,30,RSB TAEKWONDO CLUB,179,ALYA ARISSA BINTI MUHAMMAD FIRDAUS,no,15 - 17 FTAEGEUK 7,A143,B,A139,R,,,,,,
1,POOMSAE CARNIVAL,Day1/POOMSAE CARNIVAL TM LIST.pdf,30,RSB TAEKWONDO CLUB,180,NUR ALYA SOFIA BINTI MOHD SHAFIQ ...,yes,15 - 17 FTAEGEUK 7,A143,B,A139,B,,,,,,
1,POOMSAE CARNIVAL,Day1/POOMSAE CARNIVAL TM LIST.pdf,30,RSB TAEKWONDO CLUB,181,NUR ATIQAH BINTI MOHD HANAFE,no,15 - 17 FTAEGEUK 7,A143,R,A140,B,,,,,,
1,POOMSAE CARNIVAL,Day1/POOMSAE CARNIVAL TM LIST.pdf,30,RSB TAEKWONDO CLUB,189,PUTERI WAFIRA AISYA BINTI MEOR MO...,yes,6 - 8 FTAEGEUK 1,B05,R,B02,R,,,,,,
1,POOMSAE CARNIVAL,Day1/POOMSAE CARNIVAL TM LIST.pdf,31,RSB TAEKWONDO CLUB,234,NOOR AMANDA ZULFA BT MOHD SYAFIQ,no,6 - 8 FTAEGEUK 7,B41,R,B37,R,,,,,,
1,POOMSAE CARNIVAL,Day1/POOMSAE CARNIVAL TM LIST.pdf,31,RSB TAEKWONDO CLUB,235,NUR ELLY MEDINA BINTI MOHAMAD SY...,yes,6 - 8 FTAEGEUK 7,B41,B,B36,R,,,,,,
1,POOMSAE CARNIVAL,Day1/POOMSAE CARNIVAL TM LIST.pdf,31,RSB TAEKWONDO CLUB,236,TAN KAI QING,no,6 - 8 FTAEGEUK 7,B41,R,B37,B,,,,,,
1,POOMSAE CARNIVAL,Day1/POOMSAE CARNIVAL TM LIST.pdf,31,RSB TAEKWONDO CLUB,237,NURHAFIZAH BINTI ASMUNI,no,6 - 8 FTAEGEUK 7,B41,B,B36,B,,,,,,
1,POOMSAE CARNIVAL,Day1/POOMSAE CARNIVAL TM LIST.pdf,31,RSB TAEKWONDO CLUB,252,AMBER LEE EU WEN,no,9 - 11 FTAEGEUK 1G2,B49,R,B47,R,,,,,,
1,POOMSAE CARNIVAL,Day1/POOMSAE CARNIVAL TM LIST.pdf,31,RSB TAEKWONDO CLUB,275,NOOR IZZARA ZULAIQHA BINTI AMRIZ...,yes,9 - 11 FTAEGEUK 3G2,B67,B,B64,R,,,,,,
1,POOMSAE CARNIVAL,Day1/POOMSAE CARNIVAL TM LIST.pdf,31,RSB TAEKWONDO CLUB,276,NURJANNAH BINTI MOHD SHARIN IWAN,no,9 - 11 FTAEGEUK 3G2,B67,R,B65,R,,,,,,
1,POOMSAE CARNIVAL,Day1/POOMSAE CARNIVAL TM LIST.pdf,31,RSB TAEKWONDO CLUB,277,SYARIFAH HANNAN MYSARRA BT SYED ...,yes,9 - 11 FTAEGEUK 3G3,B72,R,B69,R,,,,,,
1,POOMSAE CARNIVAL,Day1/POOMSAE CARNIVAL TM LIST.pdf,31,RSB TAEKWONDO CLUB,310,NUHA MARWA BINTI ABDUL HAMID,no,9 - 11 FTAEGEUK 5G2,B94,R,B92,B,,,,,,
1,POOMSAE CARNIVAL,Day1/POOMSAE CARNIVAL TM LIST.pdf,31,RSB TAEKWONDO CLUB,311,ANGGUN DALILI BINTI AZIM,no,9 - 11 FTAEGEUK 5G2,B94,R,B92,R,,,,,,
1,POOMSAE CARNIVAL,Day1/POOMSAE CARNIVAL TM LIST.pdf,31,RSB TAEKWONDO CLUB,312,SHERLYN SUKPHAVIDA A/P SOM PON,no,9 - 11 FTAEGEUK 5G2,B94,B,B91,R,,,,,,
1,POOMSAE CARNIVAL,Day1/POOMSAE CARNIVAL TM LIST.pdf,31,RSB TAEKWONDO CLUB,313,HANNA ARISSA YASMIN BINTI ABDUL M...,yes,9 - 11 FTAEGEUK 5G3,B99,B,B95,R,,,,,,
1,POOMSAE CARNIVAL,Day1/POOMSAE CARNIVAL TM LIST.pdf,31,RSB TAEKWONDO CLUB,314,ZULAIKHA AZZAHRA BINTI MOHD ZULK...,yes,9 - 11 FTAEGEUK 5G3,B99,B,B95,B,,,,,,
1,POOMSAE CARNIVAL,Day1/POOMSAE CARNIVAL TM LIST.pdf,31,RSB TAEKWONDO CLUB,315,NUR FATHIA ALAYNA BINTI MOHD AZALI,no,9 - 11 FTAEGEUK 5G3,B99,R,B96,B,,,,,,
1,POOMSAE CARNIVAL,Day1/POOMSAE CARNIVAL TM LIST.pdf,31,RSB TAEKWONDO CLUB,356,ZAHRA MARYAM BT ZULFADLI,no,9 - 11 FTAEGEUK 7G3,B130,R,B127,B,,,,,,
1,POOMSAE CARNIVAL,Day1/POOMSAE CARNIVAL TM LIST.pdf,31,RSB TAEKWONDO CLUB,361,NUR HANI IRDINA BINTI AHMAD MUAD...,yes,9 - 11 FTAEGEUK 7G4,B131,B,B128,R,,,,,,
1,POOMSAE CARNIVAL,Day1/POOMSAE CARNIVAL TM LIST.pdf,31,RSB TAEKWONDO CLUB,362,NUR UFAIRAH QALESYA BINTI MOHD S...,yes,9 - 11 FTAEGEUK 7G4,B131,R,B129,R,,,,,,
1,POOMSAE CARNIVAL,Day1/POOMSAE CARNIVAL TM LIST.pdf,31,RSB TAEKWONDO CLUB,392,SYAKIRAH HUMAIRA BINTI HUSAIN,no,9 - 11 FTAEGEUK 8,B156,B,B153,B,,,,,,
1,POOMSAE CARNIVAL,Day1/POOMSAE CARNIVAL TM LIST.pdf,31,RSB TAEKWONDO CLUB,393,ALEESA NUR SYIFAA BINTI NOR HIDAYAT,no,9 - 11 FTAEGEUK 8,B156,R,B154,B,,,,,,
1,POOMSAE CARNIVAL,Day1/POOMSAE CARNIVAL TM LIST.pdf,31,RSB TAEKWONDO CLUB,413,LEE SYUEN LONG,no,12 - 14 MTAEGEUK 5,C36,B,C34,R,,,,,,
1,POOMSAE CARNIVAL,Day1/POOMSAE CARNIVAL TM LIST.pdf,31,RSB TAEKWONDO CLUB,426,MUHAMMAD FARISH IRFAN BIN M FAIZAL,no,12 - 14 MTAEGEUK 7G3,C66,B,C62,B,,,,,,
1,POOMSAE CARNIVAL,Day1/POOMSAE CARNIVAL TM LIST.pdf,31,RSB TAEKWONDO CLUB,485,DANI RIDHWAN BIN MUHAMAD RASYIDI,no,6 - 8 MTAEGEUK 1G2,A06,R,A04,R,,,,,,
1,POOMSAE CARNIVAL,Day1/POOMSAE CARNIVAL TM LIST.pdf,31,RSB TAEKWONDO CLUB,486,ATHAR SAYF BIN AHMAD FAIZAL,no,6 - 8 MTAEGEUK 1G2,A06,B,A03,B,,,,,,
1,POOMSAE CARNIVAL,Day1/POOMSAE CARNIVAL TM LIST.pdf,31,RSB TAEKWONDO CLUB,487,ARIF SUFYAN BIN AHMAD FAIZAL,no,6 - 8 MTAEGEUK 1G2,A06,B,A03,R,,,,,,
1,POOMSAE CARNIVAL,Day1/POOMSAE CARNIVAL TM LIST.pdf,31,RSB TAEKWONDO CLUB,488,MUHAMMAD NUH BIN MOHD NOR SAIFUL,no,6 - 8 MTAEGEUK 1G2,A06,R,A04,B,,,,,,
1,POOMSAE CARNIVAL,Day1/POOMSAE CARNIVAL TM LIST.pdf,31,RSB TAEKWONDO CLUB,489,HING ZENG CI,no,6 - 8 MTAEGEUK 1G3,A11,R,A08,B,,,,,,
1,POOMSAE CARNIVAL,Day1/POOMSAE CARNIVAL TM LIST.pdf,31,RSB TAEKWONDO CLUB,491,AIDEN LEE RONG SHEN,no,6 - 8 MTAEGEUK 1G3,A11,B,A07,R,,,,,,
1,POOMSAE CARNIVAL,Day1/POOMSAE CARNIVAL TM LIST.pdf,31,RSB TAEKWONDO CLUB,493,QASH IYJAAZ RAZEEN BIN ADZMEN,no,6 - 8 MTAEGEUK 1G4,A12,R,A10,B,,,,,,
1,POOMSAE CARNIVAL,Day1/POOMSAE CARNIVAL TM LIST.pdf,31,RSB TAEKWONDO CLUB,535,UMAR RIZQI BIN AMIRUL AIZAT,no,6 - 8 MTAEGEUK 7,A40,B,A38,R,,,,,,
1,POOMSAE CARNIVAL,Day1/POOMSAE CARNIVAL TM LIST.pdf,31,RSB TAEKWONDO CLUB,540,MUHAMMAD YUSUF BIN MOHD NOR SAI...,yes,9 - 11 MTAEGEUK 1,C165,B,C161,R,,,,,,
1,POOMSAE CARNIVAL,Day1/POOMSAE CARNIVAL TM LIST.pdf,31,RSB TAEKWONDO CLUB,587,ASYRAF ZURRUSHDI BIN MOHAMAD RO...,yes,9 - 11 MTAEGEUK 5G2,A76,B,A73,R,,,,,,
1,POOMSAE CARNIVAL,Day1/POOMSAE CARNIVAL TM LIST.pdf,31,RSB TAEKWONDO CLUB,588,MUHAMMAD AYDIN KHALIF BIN SHAHM...,yes,9 - 11 MTAEGEUK 5G2,A76,R,A74,R,,,,,,
1,POOMSAE CARNIVAL,Day1/POOMSAE CARNIVAL TM LIST.pdf,31,RSB TAEKWONDO CLUB,589,LEE SYUEN JING,no,9 - 11 MTAEGEUK 5G2,A76,R,A74,B,,,,,,
1,POOMSAE CARNIVAL,Day1/POOMSAE CARNIVAL TM LIST.pdf,31,RSB TAEKWONDO CLUB,613,MUHAMMAD AL FATEH BIN MOHAMAD A...,yes,9 - 11 MTAEGEUK 7G2,A98,B,A93,R,,,,,,
1,POOMSAE CARNIVAL,Day1/POOMSAE CARNIVAL TM LIST.pdf,31,RSB TAEKWONDO CLUB,614,TAN KAI JUN,no,9 - 11 MTAEGEUK 7G2,A98,R,A94,R,,,,,,
1,POOMSAE CARNIVAL,Day1/POOMSAE CARNIVAL TM LIST.pdf,31,RSB TAEKWONDO CLUB,625,RAJA DANISH MIKAEL BIN RAJA AZIZUL...,yes,9 - 11 MTAEGEUK 7G5,A107,R,A103,B,,,,,,
1,POOMSAE CARNIVAL,Day1/POOMSAE CARNIVAL TM LIST.pdf,31,RSB TAEKWONDO CLUB,626,YUSUF EMIR DAYYAAN BIN MOHAMAD F...,yes,9 - 11 MTAEGEUK 7G5,A107,B,A102,B,,,,,,
1,POOMSAE CARNIVAL,Day1/POOMSAE CARNIVAL TM LIST.pdf,32,RSB TAEKWONDO CLUB,645,AKIFF HASIF BIN NOR HIDAYAT,no,9 - 11 MTAEGEUK 8,A121,R,,,,,,,,
1,POOMSAE CARNIVAL,Day1/POOMSAE CARNIVAL TM LIST.pdf,32,RSB TAEKWONDO CLUB,646,HARRAZ RIZKY BIN RAHIZULHAFIZ,no,9 - 11 MTAEGEUK 8,A121,B,A118,R,,,,,,
1,POOMSAE CARNIVAL,Day1/POOMSAE CARNIVAL TM LIST.pdf,33,RTS TAEKWONDO WANI,553,MUHAMAD THAQIF BIN MUHAMAD SYAFIQ,no,9 - 11 MTAEGEUK 1G4,A51,B,A48,R,,,,,,
1,POOMSAE CARNIVAL,Day1/POOMSAE CARNIVAL TM LIST.pdf,34,SAGA NPRC,212,Jeeva Rakshitha a/p Gopinath,no,6 - 8 FTAEGEUK 1G7,B20,B,B17,B,,,,,,
1,POOMSAE CARNIVAL,Day1/POOMSAE CARNIVAL TM LIST.pdf,34,SAGA NPRC,268,Shenne,no,9 - 11 FTAEGEUK 1G6,B61,B,B58,B,,,,,,
1,POOMSAE CARNIVAL,Day1/POOMSAE CARNIVAL TM LIST.pdf,34,SAGA NPRC,417,Amza Al Eddin,no,12 - 14 MTAEGEUK 5G2,C37,B,C35,R,,,,,,
1,POOMSAE CARNIVAL,Day1/POOMSAE CARNIVAL TM LIST.pdf,34,SAGA NPRC,459,Joshua Kang,no,12 - 14 MTAEGEUK 8G4,C117,B,C114,B,,,,,,
1,POOMSAE CARNIVAL,Day1/POOMSAE CARNIVAL TM LIST.pdf,34,SAGA NPRC,509,Shastri,no,6 - 8 MTAEGEUK 1G8,A21,B,A19,R,,,,,,
1,POOMSAE CARNIVAL,Day1/POOMSAE CARNIVAL TM LIST.pdf,34,SAGA NPRC,608,Muhammad Adam,no,9 - 11 MTAEGEUK 5G7,A90,R,,,,,,,,
1,POOMSAE CARNIVAL,Day1/POOMSAE CARNIVAL TM LIST.pdf,35,SAGA TAEKWONDO CENTRE (NPRC),152,HANIS SOFEA BINTI ABDUL LATIF,no,15 - 17 FKORYOG4,A156,R,A154,R,,,,,,
1,POOMSAE CARNIVAL,Day1/POOMSAE CARNIVAL TM LIST.pdf,35,SAGA TAEKWONDO CENTRE (NPRC),192,NUR ZAHRA AAFIYAH BINTI MAHADI,no,6 - 8 FTAEGEUK 1G2,B06,B,B03,R,,,,,,
1,POOMSAE CARNIVAL,Day1/POOMSAE CARNIVAL TM LIST.pdf,35,SAGA TAEKWONDO CENTRE (NPRC),318,AMMARA SAFIYA BINTI KHAIRIL SHAHR...,yes,9 - 11 FTAEGEUK 5G4,B100,R,B98,R,,,,,,
1,POOMSAE CARNIVAL,Day1/POOMSAE CARNIVAL TM LIST.pdf,35,SAGA TAEKWONDO CENTRE (NPRC),328,Nur Aishaa Amiraa binti Mohd Hafizal Amir,no,9 - 11 FTAEGEUK 5G6,B106,B,B103,R,,,,,,
1,POOMSAE CARNIVAL,Day1/POOMSAE CARNIVAL TM LIST.pdf,35,SAGA TAEKWONDO CENTRE (NPRC),492,MUHAMMAD ZAFRAN ANAQI BIN MAHADI,no,6 - 8 MTAEGEUK 1G3,A11,R,A08,R,,,,,,
1,POOMSAE CARNIVAL,Day1/POOMSAE CARNIVAL TM LIST.pdf,35,SAGA TAEKWONDO CENTRE (NPRC),494,MUHAMMAD AYDEN DAYYAN MIKAEL BI...,yes,6 - 8 MTAEGEUK 1G4,A12,R,A10,R,,,,,,
1,POOMSAE CARNIVAL,Day1/POOMSAE CARNIVAL TM LIST.pdf,35,SAGA TAEKWONDO CENTRE (NPRC),511,RIZQ FAYYADH BIN MOHAMAD RAIF,no,6 - 8 MTAEGEUK 3,A26,B,A22,R,,,,,,
1,POOMSAE CARNIVAL,Day1/POOMSAE CARNIVAL TM LIST.pdf,35,SAGA TAEKWONDO CENTRE (NPRC),512,ANAS MIKAIL BIN MUHAMMAD ABDUL ...,yes,6 - 8 MTAEGEUK 3,A26,R,A23,B,,,,,,
1,POOMSAE CARNIVAL,Day1/POOMSAE CARNIVAL TM LIST.pdf,36,SPEED POWER TAEKWONDO WTF,023,YUVITRA A/P BALU,no,12 - 14 FTAEGEUK 3G3,C31,B,C26,R,,,,,,
1,POOMSAE CARNIVAL,Day1/POOMSAE CARNIVAL TM LIST.pdf,36,SPEED POWER TAEKWONDO WTF,024,NUR NABIHAH ZAHRAA BINTI MUHAMM...,yes,12 - 14 FTAEGEUK 3G3,C31,R,C27,B,,,,,,
1,POOMSAE CARNIVAL,Day1/POOMSAE CARNIVAL TM LIST.pdf,36,SPEED POWER TAEKWONDO WTF,039,ADRIANA AISYA BINTI RASHIDI,no,12 - 14 FTAEGEUK 5G2,C43,R,C41,B,,,,,,
1,POOMSAE CARNIVAL,Day1/POOMSAE CARNIVAL TM LIST.pdf,36,SPEED POWER TAEKWONDO WTF,040,DARWISYAH NAFEESAH BINTI SUKOR,no,12 - 14 FTAEGEUK 5G3,C48,R,C45,R,,,,,,
1,POOMSAE CARNIVAL,Day1/POOMSAE CARNIVAL TM LIST.pdf,36,SPEED POWER TAEKWONDO WTF,041,NUR IMAN BATRISYIA BINTI NOOR RAS...,yes,12 - 14 FTAEGEUK 5G3,C48,B,C44,R,,,,,,
1,POOMSAE CARNIVAL,Day1/POOMSAE CARNIVAL TM LIST.pdf,36,SPEED POWER TAEKWONDO WTF,042,BAY YU XUAN,no,12 - 14 FTAEGEUK 5G3,C48,B,C44,B,,,,,,
1,POOMSAE CARNIVAL,Day1/POOMSAE CARNIVAL TM LIST.pdf,36,SPEED POWER TAEKWONDO WTF,043,STEPHANIE WOON ZI Qi,no,12 - 14 FTAEGEUK 5G3,C48,R,C45,B,,,,,,
1,POOMSAE CARNIVAL,Day1/POOMSAE CARNIVAL TM LIST.pdf,36,SPEED POWER TAEKWONDO WTF,130,WAFA SOFIYYAH BINTI SHAHRUL ASHRAF,no,12 - 14 FTAEGEUK 8G9,C147,B,C142,B,,,,,,
1,POOMSAE CARNIVAL,Day1/POOMSAE CARNIVAL TM LIST.pdf,36,SPEED POWER TAEKWONDO WTF,158,THIYANAH NAIR RAMESH,no,15 - 17 FTAEGEUK 1,A127,B,A124,R,,,,,,
1,POOMSAE CARNIVAL,Day1/POOMSAE CARNIVAL TM LIST.pdf,36,SPEED POWER TAEKWONDO WTF,201,JAANVI SIVAROOBAN,no,6 - 8 FTAEGEUK 1G4,B12,B,B09,R,,,,,,
1,POOMSAE CARNIVAL,Day1/POOMSAE CARNIVAL TM LIST.pdf,36,SPEED POWER TAEKWONDO WTF,202,NUR AAIRA NUHA BINTI MOHD ANUAR,no,6 - 8 FTAEGEUK 1G5,B18,R,B14,R,,,,,,
1,POOMSAE CARNIVAL,Day1/POOMSAE CARNIVAL TM LIST.pdf,36,SPEED POWER TAEKWONDO WTF,203,JANANI A/P ANDREW,no,6 - 8 FTAEGEUK 1G5,B18,B,B13,R,,,,,,
1,POOMSAE CARNIVAL,Day1/POOMSAE CARNIVAL TM LIST.pdf,36,SPEED POWER TAEKWONDO WTF,257,NAUFA AZZARA BINTI AMIR AIZUDDIN,no,9 - 11 FTAEGEUK 1G4,B55,R,B53,B,,,,,,
1,POOMSAE CARNIVAL,Day1/POOMSAE CARNIVAL TM LIST.pdf,36,SPEED POWER TAEKWONDO WTF,258,PUTRI QAISARA RAMADHANI BINTI KHA...,yes,9 - 11 FTAEGEUK 1G4,B55,B,B52,B,,,,,,
1,POOMSAE CARNIVAL,Day1/POOMSAE CARNIVAL TM LIST.pdf,36,SPEED POWER TAEKWONDO WTF,267,SOFIA MEDINA BINTI SAAD,no,9 - 11 FTAEGEUK 1G6,B61,R,B59,R,,,,,,
1,POOMSAE CARNIVAL,Day1/POOMSAE CARNIVAL TM LIST.pdf,36,SPEED POWER TAEKWONDO WTF,288,ZARITH SOFIA BINTI MOHD ABDUL HAFIZ,no,9 - 11 FTAEGEUK 3G5,B78,B,B74,B,,,,,,
1,POOMSAE CARNIVAL,Day1/POOMSAE CARNIVAL TM LIST.pdf,36,SPEED POWER TAEKWONDO WTF,289,ALANNA HASYA EFFENDI BINTI SHARUL...,yes,9 - 11 FTAEGEUK 3G6,B79,B,B76,R,,,,,,
1,POOMSAE CARNIVAL,Day1/POOMSAE CARNIVAL TM LIST.pdf,36,SPEED POWER TAEKWONDO WTF,290,NUR ADELIA SOPHEA BINTI MOHD SHA...,yes,9 - 11 FTAEGEUK 3G6,B79,B,B76,B,,,,,,
1,POOMSAE CARNIVAL,Day1/POOMSAE CARNIVAL TM LIST.pdf,36,SPEED POWER TAEKWONDO WTF,291,NUR NAZIHAH ZHAFIRAH BINTI MUHAM...,yes,9 - 11 FTAEGEUK 3G6,B79,R,B77,B,,,,,,
1,POOMSAE CARNIVAL,Day1/POOMSAE CARNIVAL TM LIST.pdf,36,SPEED POWER TAEKWONDO WTF,332,NUR ALEEYA SAFIYA BINTI MOHD DEEN...,yes,9 - 11 FTAEGEUK 5G7,B111,R,B108,R,,,,,,
1,POOMSAE CARNIVAL,Day1/POOMSAE CARNIVAL TM LIST.pdf,36,SPEED POWER TAEKWONDO WTF,333,PUTERI NUR AISYAH LUTHFIA BINTI JA...,yes,9 - 11 FTAEGEUK 5G8,B112,R,B110,B,,,,,,
1,POOMSAE CARNIVAL,Day1/POOMSAE CARNIVAL TM LIST.pdf,36,SPEED POWER TAEKWONDO WTF,335,NUR HAFEEZA WAFIRAH BINTI YUSUF,no,9 - 11 FTAEGEUK 5G8,B112,B,B109,R,,,,,,
1,POOMSAE CARNIVAL,Day1/POOMSAE CARNIVAL TM LIST.pdf,36,SPEED POWER TAEKWONDO WTF,401,MUHAMMAD HAZIQ DANIAL BIN REDZU...,yes,12 - 14 MTAEGEUK 1,C04,R,C02,R,,,,,,
1,POOMSAE CARNIVAL,Day1/POOMSAE CARNIVAL TM LIST.pdf,36,SPEED POWER TAEKWONDO WTF,402,SOMESWARAN A/L KARTHIK,no,12 - 14 MTAEGEUK 1G2,C05,B,C03,R,,,,,,
1,POOMSAE CARNIVAL,Day1/POOMSAE CARNIVAL TM LIST.pdf,36,SPEED POWER TAEKWONDO WTF,403,IZZ ILMAN DANIAL BIN ZULKIFLI,no,12 - 14 MTAEGEUK 1G2,C05,R,,,,,,,,
1,POOMSAE CARNIVAL,Day1/POOMSAE CARNIVAL TM LIST.pdf,36,SPEED POWER TAEKWONDO WTF,407,MUHAMMAD HAIKAL WAFIY BIN YUSUF,no,12 - 14 MTAEGEUK 3,C18,R,C16,B,,,,,,
1,POOMSAE CARNIVAL,Day1/POOMSAE CARNIVAL TM LIST.pdf,36,SPEED POWER TAEKWONDO WTF,408,MUHAMMAD AMMAR THAQIF BIN BASRI,no,12 - 14 MTAEGEUK 3,C18,B,C15,B,,,,,,
1,POOMSAE CARNIVAL,Day1/POOMSAE CARNIVAL TM LIST.pdf,36,SPEED POWER TAEKWONDO WTF,436,VISHNU DEV A/L KANTHASAMY,no,12 - 14 MTAEGEUK 7G5,C74,B,C68,R,,,,,,
1,POOMSAE CARNIVAL,Day1/POOMSAE CARNIVAL TM LIST.pdf,36,SPEED POWER TAEKWONDO WTF,500,BAY YU JAY,no,6 - 8 MTAEGEUK 1G5,A16,B,A13,R,,,,,,
1,POOMSAE CARNIVAL,Day1/POOMSAE CARNIVAL TM LIST.pdf,36,SPEED POWER TAEKWONDO WTF,501,SHARVESH A/L RAJADURAI,no,6 - 8 MTAEGEUK 1G6,A17,B,A15,R,,,,,,
1,POOMSAE CARNIVAL,Day1/POOMSAE CARNIVAL TM LIST.pdf,36,SPEED POWER TAEKWONDO WTF,550,MUHAMMAD ADAM DANIAL BIN REDZUAN,no,9 - 11 MTAEGEUK 1G3,A47,B,A44,B,,,,,,
1,POOMSAE CARNIVAL,Day1/POOMSAE CARNIVAL TM LIST.pdf,36,SPEED POWER TAEKWONDO WTF,551,PUTRA QASYA AELICIA BIN KHAIRUL A...,yes,9 - 11 MTAEGEUK 1G4,A51,R,A49,R,,,,,,
1,POOMSAE CARNIVAL,Day1/POOMSAE CARNIVAL TM LIST.pdf,37,SPTKZ/ZAFFAA,026,SHAZATUL NUR SAFIYA BINTI SHUKRI,no,12 - 14 FTAEGEUK 3G4,C32,R,C29,B,,,,,,
1,POOMSAE CARNIVAL,Day1/POOMSAE CARNIVAL TM LIST.pdf,37,SPTKZ/ZAFFAA,027,IMAN NUR IMANINA BINTI MOHAMAD Z...,yes,12 - 14 FTAEGEUK 3G4,C32,B,C28,R,,,,,,
1,POOMSAE CARNIVAL,Day1/POOMSAE CARNIVAL TM LIST.pdf,37,SPTKZ/ZAFFAA,132,NUR ANIS HUMAYRA BINTI ZAINAL,no,12 - 14 FTAEGEUK 8G9,C147,R,C143,B,,,,,,
1,POOMSAE CARNIVAL,Day1/POOMSAE CARNIVAL TM LIST.pdf,37,SPTKZ/ZAFFAA,262,NUR DHIA ARISSA BINTI MOHD GHAZALI,no,9 - 11 FTAEGEUK 1G5,B60,B,B56,B,,,,,,
1,POOMSAE CARNIVAL,Day1/POOMSAE CARNIVAL TM LIST.pdf,37,SPTKZ/ZAFFAA,299,NUR MEDINA QAISARA BINTI MOHAMA...,yes,9 - 11 FTAEGEUK 3G8,B87,R,B83,B,,,,,,
1,POOMSAE CARNIVAL,Day1/POOMSAE CARNIVAL TM LIST.pdf,37,SPTKZ/ZAFFAA,410,NAZ ZAREEF UWAIS BIN MOHD NAZIR,no,12 - 14 MTAEGEUK 3G2,C19,R,,,,,,,,
1,POOMSAE CARNIVAL,Day1/POOMSAE CARNIVAL TM LIST.pdf,37,SPTKZ/ZAFFAA,504,MUHAMMAD DARIS BIN GHAZALI,no,6 - 8 MTAEGEUK 1G7,A20,R,,,,,,,,
1,POOMSAE CARNIVAL,Day1/POOMSAE CARNIVAL TM LIST.pdf,37,SPTKZ/ZAFFAA,653,MUHAMMAD KHAIRY AKID,no,9 - 11 MTAEGEUK 8G3,A123,B,A120,R,,,,,,
1,POOMSAE CARNIVAL,Day1/POOMSAE CARNIVAL TM LIST.pdf,38,Speed Power Taekwondo Master Muhsein,038,IREEANA ZAIRA BINTI OMRI,no,12 - 14 FTAEGEUK 5G2,C43,B,C40,B,,,,,,
1,POOMSAE CARNIVAL,Day1/POOMSAE CARNIVAL TM LIST.pdf,38,Speed Power Taekwondo Master Muhsein,125,AINUL KAMALIA BINTI ABDUL WAHAB,no,12 - 14 FTAEGEUK 8G8,C141,B,C138,B,,,,,,
1,POOMSAE CARNIVAL,Day1/POOMSAE CARNIVAL TM LIST.pdf,38,Speed Power Taekwondo Master Muhsein,195,ZARA ALISA BT ZULQARNAIN HASHIM,no,6 - 8 FTAEGEUK 1G3,B11,R,B08,B,,,,,,
1,POOMSAE CARNIVAL,Day1/POOMSAE CARNIVAL TM LIST.pdf,38,Speed Power Taekwondo Master Muhsein,196,AIRA FELISYSA BINTI FARIDZUL ASNIEL,no,6 - 8 FTAEGEUK 1G3,B11,B,B07,R,,,,,,
1,POOMSAE CARNIVAL,Day1/POOMSAE CARNIVAL TM LIST.pdf,38,Speed Power Taekwondo Master Muhsein,286,AISYAH BINTI WAN AHMAD FAAZLI,no,9 - 11 FTAEGEUK 3G5,B78,R,B75,R,,,,,,
1,POOMSAE CARNIVAL,Day1/POOMSAE CARNIVAL TM LIST.pdf,38,Speed Power Taekwondo Master Muhsein,287,NUR INSYIRAH BT KHAIRUL AMBRI,no,9 - 11 FTAEGEUK 3G5,B78,B,B74,R,,,,,,
1,POOMSAE CARNIVAL,Day1/POOMSAE CARNIVAL TM LIST.pdf,38,Speed Power Taekwondo Master Muhsein,495,MOHAMMAD AYDEN BIN MOHAMMAD M...,yes,6 - 8 MTAEGEUK 1G4,A12,B,A09,B,,,,,,
1,POOMSAE CARNIVAL,Day1/POOMSAE CARNIVAL TM LIST.pdf,38,Speed Power Taekwondo Master Muhsein,516,MUHAMMAD UWAIS RIFQI BIN MOHAMA...,yes,6 - 8 MTAEGEUK 3G2,A27,B,A24,B,,,,,,
1,POOMSAE CARNIVAL,Day1/POOMSAE CARNIVAL TM LIST.pdf,38,Speed Power Taekwondo Master Muhsein,569,AARIZ HAZIQ ABDUL AZIZ BIN ABDUL ...,yes,9 - 11 MTAEGEUK 3G3,A63,B,A59,R,,,,,,
1,POOMSAE CARNIVAL,Day1/POOMSAE CARNIVAL TM LIST.pdf,38,Speed Power Taekwondo Master Muhsein,629,MUHAMMAD AMMAR DANI BIN MUHAM...,yes,9 - 11 MTAEGEUK 7G6,A108,B,A104,R,,,,,,
1,POOMSAE CARNIVAL,Day1/POOMSAE CARNIVAL TM LIST.pdf,38,Speed Power Taekwondo Master Muhsein,630,MOHAMMAD MIKHAEL BIN MOHAMMAD ...,yes,9 - 11 MTAEGEUK 7G6,A108,R,A105,R,,,,,,
1,POOMSAE CARNIVAL,Day1/POOMSAE CARNIVAL TM LIST.pdf,39,TAIPING TAEKWONDO CLUB (FIRDAUS),272,AIRAA ADRIANA BINTI OMAR,no,9 - 11 FTAEGEUK 3,B66,B,B62,R,,,,,,
1,POOMSAE CARNIVAL,Day1/POOMSAE CARNIVAL TM LIST.pdf,39,TAIPING TAEKWONDO CLUB (FIRDAUS),274,NOR AFIA ADRIANA BINTI MUHAMMAD ...,yes,9 - 11 FTAEGEUK 3G2,B67,R,B65,B,,,,,,
1,POOMSAE CARNIVAL,Day1/POOMSAE CARNIVAL TM LIST.pdf,39,TAIPING TAEKWONDO CLUB (FIRDAUS),354,SHARIFAH DHIA MIKAYLA BINTI SHARI...,yes,9 - 11 FTAEGEUK 7G2,B125,B,B122,B,,,,,,
1,POOMSAE CARNIVAL,Day1/POOMSAE CARNIVAL TM LIST.pdf,39,TAIPING TAEKWONDO CLUB (FIRDAUS),447,SHARIF DAYYAN MUZHAFFAR BIN SHAR...,yes,12 - 14 MTAEGEUK 8,C111,B,C107,B,,,,,,
1,POOMSAE CARNIVAL,Day1/POOMSAE CARNIVAL TM LIST.pdf,39,TAIPING TAEKWONDO CLUB (FIRDAUS),463,SHARIF DANI MIRZA BIN SHARIF FIRDA...,yes,15 - 17 MKORYO,C157,B,C153,R,,,,,,
1,POOMSAE CARNIVAL,Day1/POOMSAE CARNIVAL TM LIST.pdf,39,TAIPING TAEKWONDO CLUB (FIRDAUS),534,SHARIF DAAIN MUKHRIZ BIN SHARIF FI...,yes,6 - 8 MTAEGEUK 7,A40,R,,,,,,,,
1,POOMSAE CARNIVAL,Day1/POOMSAE CARNIVAL TM LIST.pdf,39,TAIPING TAEKWONDO CLUB (FIRDAUS),582,MUHAMMAD UMAR LUTFI BIN MASRI IZ...,yes,9 - 11 MTAEGEUK 5,A75,B,A71,R,,,,,,
1,POOMSAE CARNIVAL,Day1/POOMSAE CARNIVAL TM LIST.pdf,39,TAIPING TAEKWONDO CLUB (FIRDAUS),583,MUHAMMAD YUSUF ARYAN BIN MASRI I...,yes,9 - 11 MTAEGEUK 5,A75,R,A72,R,,,,,,
1,POOMSAE CARNIVAL,Day1/POOMSAE CARNIVAL TM LIST.pdf,40,TEMATA,005,Nur Auni Aqilah Bt Nuruddin,no,12 - 14 FTAEGEUK 1G2,C13,B,C08,R,,,,,,
1,POOMSAE CARNIVAL,Day1/POOMSAE CARNIVAL TM LIST.pdf,40,TEMATA,019,Nur Imani Bt Nuruddin,no,12 - 14 FTAEGEUK 3G2,C25,B,C22,B,,,,,,
1,POOMSAE CARNIVAL,Day1/POOMSAE CARNIVAL TM LIST.pdf,40,TEMATA,098,NURUL HAYFA SYAKIRAH BINTI MOHD ...,yes,12 - 14 FTAEGEUK 8,C122,B,C118,B,,,,,,
1,POOMSAE CARNIVAL,Day1/POOMSAE CARNIVAL TM LIST.pdf,40,TEMATA,099,NUR IMAN SOFEA BINTI MOHD AZMI,no,12 - 14 FTAEGEUK 8,C122,R,C119,B,,,,,,
1,POOMSAE CARNIVAL,Day1/POOMSAE CARNIVAL TM LIST.pdf,40,TEMATA,245,ARMEL INARA BINTI MOHD SABERI,no,9 - 11 FTAEGEUK 1,B48,B,B44,B,,,,,,
1,POOMSAE CARNIVAL,Day1/POOMSAE CARNIVAL TM LIST.pdf,40,TEMATA,285,Nur Alisha Khaira Binti Fakhrul Islam,no,9 - 11 FTAEGEUK 3G5,B78,R,B75,B,,,,,,
1,POOMSAE CARNIVAL,Day1/POOMSAE CARNIVAL TM LIST.pdf,40,TEMATA,446,MUHAMMAD IQHRAM HANIFF BIN MOH...,yes,12 - 14 MTAEGEUK 8,C111,B,C107,R,,,,,,
1,POOMSAE CARNIVAL,Day1/POOMSAE CARNIVAL TM LIST.pdf,40,TEMATA,476,MUHAMMAD AMMAR ALDFIAN BIN MOH...,yes,15 - 17 MTAEGEUK 5,C151,B,C150,B,,,,,,
1,POOMSAE CARNIVAL,Day1/POOMSAE CARNIVAL TM LIST.pdf,40,TEMATA,477,MUHAMMAD ADAM RAYAN BIN HAFIZUL...,yes,15 - 17 MTAEGEUK 5,C151,R,,,,,,,,
1,POOMSAE CARNIVAL,Day1/POOMSAE CARNIVAL TM LIST.pdf,40,TEMATA,478,AMMAR ZAKWAN BIN SHAHRIZAM,no,15 - 17 MTAEGEUK 5,C151,B,C150,R,,,,,,
1,POOMSAE CARNIVAL,Day1/POOMSAE CARNIVAL TM LIST.pdf,41,TNT,058,PUTRI ZAARA KHAIRINA BINTI KHAIRU...,yes,12 - 14 FTAEGEUK 7,C81,R,C78,B,,,,,,
1,POOMSAE CARNIVAL,Day1/POOMSAE CARNIVAL TM LIST.pdf,41,TNT,059,LEE XIANG XUAN,no,12 - 14 FTAEGEUK 7,C81,B,C77,R,,,,,,
1,POOMSAE CARNIVAL,Day1/POOMSAE CARNIVAL TM LIST.pdf,41,TNT,060,OOI ROU XUAN,no,12 - 14 FTAEGEUK 7,C81,R,C78,R,,,,,,
1,POOMSAE CARNIVAL,Day1/POOMSAE CARNIVAL TM LIST.pdf,41,TNT,061,OOI ROU QIAN,no,12 - 14 FTAEGEUK 7G2,C82,R,C80,R,,,,,,
1,POOMSAE CARNIVAL,Day1/POOMSAE CARNIVAL TM LIST.pdf,41,TNT,100,JACELYN SEE SZE ZHI,no,12 - 14 FTAEGEUK 8,C122,B,C118,R,,,,,,
1,POOMSAE CARNIVAL,Day1/POOMSAE CARNIVAL TM LIST.pdf,41,TNT,101,LOH QIAO JING,no,12 - 14 FTAEGEUK 8G2,C123,R,C121,R,,,,,,
1,POOMSAE CARNIVAL,Day1/POOMSAE CARNIVAL TM LIST.pdf,41,TNT,186,NUR SAFA IMANI BINTI MUHAMMAD IQ...,yes,6 - 8 FTAEGEUK 1,B05,R,B02,B,,,,,,
1,POOMSAE CARNIVAL,Day1/POOMSAE CARNIVAL TM LIST.pdf,41,TNT,188,BEH WEI QING,no,6 - 8 FTAEGEUK 1,B05,B,B01,B,,,,,,
1,POOMSAE CARNIVAL,Day1/POOMSAE CARNIVAL TM LIST.pdf,41,TNT,214,ENIYAA A/P RAMANATHAN CHETTIAR,no,6 - 8 FTAEGEUK 3,B25,R,B22,B,,,,,,
1,POOMSAE CARNIVAL,Day1/POOMSAE CARNIVAL TM LIST.pdf,41,TNT,251,LUM SHI XUAN,no,9 - 11 FTAEGEUK 1G2,B49,B,B46,R,,,,,,
1,POOMSAE CARNIVAL,Day1/POOMSAE CARNIVAL TM LIST.pdf,41,TNT,273,ANG YEE EN,no,9 - 11 FTAEGEUK 3G2,B67,B,B64,B,,,,,,
1,POOMSAE CARNIVAL,Day1/POOMSAE CARNIVAL TM LIST.pdf,41,TNT,350,SHADRINA ZULAIKHA BINTI MOHAMAD ...,yes,9 - 11 FTAEGEUK 7,B124,B,B120,B,,,,,,
1,POOMSAE CARNIVAL,Day1/POOMSAE CARNIVAL TM LIST.pdf,41,TNT,351,NILAANI A/P RAMANATHAN CHETTIAR,no,9 - 11 FTAEGEUK 7G2,B125,B,B122,R,,,,,,
1,POOMSAE CARNIVAL,Day1/POOMSAE CARNIVAL TM LIST.pdf,41,TNT,352,PUTRI ZUHAA KHAIYIRA BINTI KHAIRUL...,yes,9 - 11 FTAEGEUK 7G2,B125,R,B123,B,,,,,,
1,POOMSAE CARNIVAL,Day1/POOMSAE CARNIVAL TM LIST.pdf,41,TNT,353,GRACE TAN,no,9 - 11 FTAEGEUK 7G2,B125,R,B123,R,,,,,,
1,POOMSAE CARNIVAL,Day1/POOMSAE CARNIVAL TM LIST.pdf,41,TNT,398,SUVEERLAKSMAN A/L SARAVANAN,no,12 - 14 MTAEGEUK 1,C04,B,C01,B,,,,,,
1,POOMSAE CARNIVAL,Day1/POOMSAE CARNIVAL TM LIST.pdf,41,TNT,414,LUM JUN CHENG,no,12 - 14 MTAEGEUK 5,C36,R,,,,,,,,
1,POOMSAE CARNIVAL,Day1/POOMSAE CARNIVAL TM LIST.pdf,41,TNT,420,CHONG BO YI,no,12 - 14 MTAEGEUK 7,C60,B,C56,B,,,,,,
1,POOMSAE CARNIVAL,Day1/POOMSAE CARNIVAL TM LIST.pdf,41,TNT,423,TEOH SU JUN,no,12 - 14 MTAEGEUK 7G2,C61,B,C58,B,,,,,,
1,POOMSAE CARNIVAL,Day1/POOMSAE CARNIVAL TM LIST.pdf,41,TNT,479,TAN ZHI SHENG JASON,no,15 - 17 MTAEGEUK 5G2,C152,R,,,,,,,,
1,POOMSAE CARNIVAL,Day1/POOMSAE CARNIVAL TM LIST.pdf,41,TNT,483,Goh Gin,no,6 - 8 MTAEGEUK 1,A05,B,A01,B,,,,,,
1,POOMSAE CARNIVAL,Day1/POOMSAE CARNIVAL TM LIST.pdf,41,TNT,510,JIM WALTON TAN ZHI FENG,no,6 - 8 MTAEGEUK 3,A26,R,A23,R,,,,,,
1,POOMSAE CARNIVAL,Day1/POOMSAE CARNIVAL TM LIST.pdf,41,TNT,533,CHYE JIAN BO,no,6 - 8 MTAEGEUK 7,A40,B,A38,B,,,,,,
1,POOMSAE CARNIVAL,Day1/POOMSAE CARNIVAL TM LIST.pdf,41,TNT,539,VIRRESHLAKSHMEN A/L SARAVANAN,no,9 - 11 MTAEGEUK 1,C165,R,C162,R,,,,,,
1,POOMSAE CARNIVAL,Day1/POOMSAE CARNIVAL TM LIST.pdf,41,TNT,559,WARREN JEFF TAN ZHI XUAN,no,9 - 11 MTAEGEUK 3,A57,R,A54,R,,,,,,
1,POOMSAE CARNIVAL,Day1/POOMSAE CARNIVAL TM LIST.pdf,41,TNT,609,TIM KONG YUN TIAN,no,9 - 11 MTAEGEUK 7,A97,B,A91,B,,,,,,
1,POOMSAE CARNIVAL,Day1/POOMSAE CARNIVAL TM LIST.pdf,42,WARRIORS SPEED POWER,006,KHAIRUNNISA ADANIESYA BINTI KHAIR...,yes,12 - 14 FTAEGEUK 1G2,C13,R,C09,R,,,,,,
1,POOMSAE CARNIVAL,Day1/POOMSAE CARNIVAL TM LIST.pdf,42,WARRIORS SPEED POWER,011,NUR AISY SOFFEA BINTI NOOR AZWAN,no,12 - 14 FTAEGEUK 1G3,C14,B,C10,B,,,,,,
1,POOMSAE CARNIVAL,Day1/POOMSAE CARNIVAL TM LIST.pdf,42,WARRIORS SPEED POWER,012,Siti liyana binti Amirul Zaman,no,12 - 14 FTAEGEUK 1G3,C14,R,C11,B,,,,,,
1,POOMSAE CARNIVAL,Day1/POOMSAE CARNIVAL TM LIST.pdf,42,WARRIORS SPEED POWER,020,QASEH NURAIRIS SOFEA BINTI ZULKHA...,yes,12 - 14 FTAEGEUK 3G2,C25,R,C23,R,,,,,,
1,POOMSAE CARNIVAL,Day1/POOMSAE CARNIVAL TM LIST.pdf,42,WARRIORS SPEED POWER,028,NAWAAL INSYIRAH BINTI AHMAD RIZAL,no,12 - 14 FTAEGEUK 3G4,C32,B,C28,B,,,,,,
1,POOMSAE CARNIVAL,Day1/POOMSAE CARNIVAL TM LIST.pdf,42,WARRIORS SPEED POWER,029,AISYAH AL HUMAIRA BINTI HAFIZ,no,12 - 14 FTAEGEUK 3G5,C33,R,,,,,,,,
1,POOMSAE CARNIVAL,Day1/POOMSAE CARNIVAL TM LIST.pdf,42,WARRIORS SPEED POWER,030,Nur Bashirah Alma Binti Mohamad Redz...,yes,12 - 14 FTAEGEUK 3G5,C33,B,C30,R,,,,,,
1,POOMSAE CARNIVAL,Day1/POOMSAE CARNIVAL TM LIST.pdf,42,WARRIORS SPEED POWER,031,Puteri Raisha Assyifa binti Mohamad Sya...,yes,12 - 14 FTAEGEUK 3G5,C33,B,C30,B,,,,,,
1,POOMSAE CARNIVAL,Day1/POOMSAE CARNIVAL TM LIST.pdf,42,WARRIORS SPEED POWER,047,SITI AWFIYAH BINTI MOHAMAD ARIF,no,12 - 14 FTAEGEUK 5G4,C49,B,C46,B,,,,,,
1,POOMSAE CARNIVAL,Day1/POOMSAE CARNIVAL TM LIST.pdf,42,WARRIORS SPEED POWER,048,NUR SAIDAH HANISAH BINTI MOHD HA...,yes,12 - 14 FTAEGEUK 5G5,C53,R,,,,,,,,
1,POOMSAE CARNIVAL,Day1/POOMSAE CARNIVAL TM LIST.pdf,42,WARRIORS SPEED POWER,049,NUR SUFIAH ALIA BINTI KHAIRUL NIZAM,no,12 - 14 FTAEGEUK 5G5,C53,B,C50,R,,,,,,
1,POOMSAE CARNIVAL,Day1/POOMSAE CARNIVAL TM LIST.pdf,42,WARRIORS SPEED POWER,050,Mia adurra bt Abdul Rahman,no,12 - 14 FTAEGEUK 5G5,C53,B,C50,B,,,,,,
1,POOMSAE CARNIVAL,Day1/POOMSAE CARNIVAL TM LIST.pdf,42,WARRIORS SPEED POWER,051,NUR AFINA DAYANI BINTI MOHD ZAIN,no,12 - 14 FTAEGEUK 5G6,C54,R,,,,,,,,
1,POOMSAE CARNIVAL,Day1/POOMSAE CARNIVAL TM LIST.pdf,42,WARRIORS SPEED POWER,052,NUR AFIA ZHAFIRAH BINTI MOHD ARIF...,yes,12 - 14 FTAEGEUK 5G6,C54,B,C51,R,,,,,,
1,POOMSAE CARNIVAL,Day1/POOMSAE CARNIVAL TM LIST.pdf,42,WARRIORS SPEED POWER,053,NUR ADDINI HANNAN BINTI PERIZAL,no,12 - 14 FTAEGEUK 5G6,C54,B,C51,B,,,,,,
1,POOMSAE CARNIVAL,Day1/POOMSAE CARNIVAL TM LIST.pdf,42,WARRIORS SPEED POWER,054,Sarah binti Ibrahim,no,12 - 14 FTAEGEUK 5G7,C55,R,,,,,,,,
1,POOMSAE CARNIVAL,Day1/POOMSAE CARNIVAL TM LIST.pdf,42,WARRIORS SPEED POWER,066,AISYAH HUMAIRA ZAHRA BINTI MUHAM...,yes,12 - 14 FTAEGEUK 7G3,C87,R,C84,R,,,,,,
1,POOMSAE CARNIVAL,Day1/POOMSAE CARNIVAL TM LIST.pdf,42,WARRIORS SPEED POWER,067,NUR DAMIA QAISARAH BINTI LUQMAN ...,yes,12 - 14 FTAEGEUK 7G3,C87,B,C83,R,,,,,,
1,POOMSAE CARNIVAL,Day1/POOMSAE CARNIVAL TM LIST.pdf,42,WARRIORS SPEED POWER,080,NUR DAFINAH UZMA BINTI MIOR ROSLI,no,12 - 14 FTAEGEUK 7G6,C94,B,C91,B,,,,,,
1,POOMSAE CARNIVAL,Day1/POOMSAE CARNIVAL TM LIST.pdf,42,WARRIORS SPEED POWER,081,SUFI ZAHRA BINTI MOHD SYAHRIL,no,12 - 14 FTAEGEUK 7G7,C99,R,C96,B,,,,,,
1,POOMSAE CARNIVAL,Day1/POOMSAE CARNIVAL TM LIST.pdf,42,WARRIORS SPEED POWER,082,MARISSA QAISARA BINTI MUHAMMAD ...,yes,12 - 14 FTAEGEUK 7G7,C99,B,C95,R,,,,,,
1,POOMSAE CARNIVAL,Day1/POOMSAE CARNIVAL TM LIST.pdf,42,WARRIORS SPEED POWER,083,AQEELA ERINA BINTI MOHD HISHAMUD...,yes,12 - 14 FTAEGEUK 7G7,C99,R,C96,R,,,,,,
1,POOMSAE CARNIVAL,Day1/POOMSAE CARNIVAL TM LIST.pdf,42,WARRIORS SPEED POWER,084,NUR ZAHRA DAMIA BT HELMI,no,12 - 14 FTAEGEUK 7G7,C99,B,C95,B,,,,,,
1,POOMSAE CARNIVAL,Day1/POOMSAE CARNIVAL TM LIST.pdf,42,WARRIORS SPEED POWER,085,INARAH IZZ ZAHRA BINTI MOHD RIDUAN,no,12 - 14 FTAEGEUK 7G8,C100,R,C98,B,,,,,,
1,POOMSAE CARNIVAL,Day1/POOMSAE CARNIVAL TM LIST.pdf,42,WARRIORS SPEED POWER,086,FAQIHATUL MAHDIYYAH BINTI MOHD FI...,yes,12 - 14 FTAEGEUK 7G8,C100,R,C98,R,,,,,,
1,POOMSAE CARNIVAL,Day1/POOMSAE CARNIVAL TM LIST.pdf,42,WARRIORS SPEED POWER,087,ASMA AQILAH AZ - ZAHRA BINTI ABDU...,yes,12 - 14 FTAEGEUK 7G8,C100,B,C97,B,,,,,,
1,POOMSAE CARNIVAL,Day1/POOMSAE CARNIVAL TM LIST.pdf,42,WARRIORS SPEED POWER,088,Nur Adriana binti Zulhusni,no,12 - 14 FTAEGEUK 7G8,C100,B,C97,R,,,,,,
1,POOMSAE CARNIVAL,Day1/POOMSAE CARNIVAL TM LIST.pdf,42,WARRIORS SPEED POWER,089,Nur Arissa binti Zulhusni,no,12 - 14 FTAEGEUK 7G9,C105,R,C102,B,,,,,,
1,POOMSAE CARNIVAL,Day1/POOMSAE CARNIVAL TM LIST.pdf,42,WARRIORS SPEED POWER,090,Nur Aufa Alisya Binti Zainul Azhar,no,12 - 14 FTAEGEUK 7G9,C105,B,C101,R,,,,,,
1,POOMSAE CARNIVAL,Day1/POOMSAE CARNIVAL TM LIST.pdf,42,WARRIORS SPEED POWER,092,AISHA ADLIN BINTI MAZLIN,no,12 - 14 FTAEGEUK 7G9,C105,B,C101,B,,,,,,
1,POOMSAE CARNIVAL,Day1/POOMSAE CARNIVAL TM LIST.pdf,42,WARRIORS SPEED POWER,093,Nur Raisha Binti Mohamad Isa,no,12 - 14 FTAEGEUK 7G10,C106,B,C103,R,,,,,,
1,POOMSAE CARNIVAL,Day1/POOMSAE CARNIVAL TM LIST.pdf,42,WARRIORS SPEED POWER,134,Nur Zafirah Aqilah binti Mohd Zamri,no,12 - 14 FTAEGEUK 8G10,C148,R,C145,B,,,,,,
1,POOMSAE CARNIVAL,Day1/POOMSAE CARNIVAL TM LIST.pdf,42,WARRIORS SPEED POWER,135,Keysha Humaira Binti Muhamad Arif,no,12 - 14 FTAEGEUK 8G10,C148,R,C145,R,,,,,,
1,POOMSAE CARNIVAL,Day1/POOMSAE CARNIVAL TM LIST.pdf,42,WARRIORS SPEED POWER,136,Nor damia darwisyah binti md syawal,no,12 - 14 FTAEGEUK 8G10,C148,B,C144,R,,,,,,
1,POOMSAE CARNIVAL,Day1/POOMSAE CARNIVAL TM LIST.pdf,42,WARRIORS SPEED POWER,153,NUR ARISSA BATRISYA BINTI MOHD N...,yes,15 - 17 FKORYOG4,A156,B,A153,B,,,,,,
1,POOMSAE CARNIVAL,Day1/POOMSAE CARNIVAL TM LIST.pdf,42,WARRIORS SPEED POWER,174,SITI KHADIJAH BINTI MOHAMAD ARIF,no,15 - 17 FTAEGEUK 5G3,A137,R,,,,,,,,
1,POOMSAE CARNIVAL,Day1/POOMSAE CARNIVAL TM LIST.pdf,42,WARRIORS SPEED POWER,175,AMANI QAISARA BINTI MAZLAN SHARIP,no,15 - 17 FTAEGEUK 5G4,A138,B,A136,B,,,,,,
1,POOMSAE CARNIVAL,Day1/POOMSAE CARNIVAL TM LIST.pdf,43,WARRIORS SPEED POWER,184,Auni Al Husna Binti Mohd Hazwan,no,15 - 17 FTAEGEUK 7G2,A144,B,A141,R,,,,,,
1,POOMSAE CARNIVAL,Day1/POOMSAE CARNIVAL TM LIST.pdf,43,WARRIORS SPEED POWER,208,AINA KHADIJAH BINTI MOHD ZAMRIN,no,6 - 8 FTAEGEUK 1G6,B19,R,B16,R,,,,,,
1,POOMSAE CARNIVAL,Day1/POOMSAE CARNIVAL TM LIST.pdf,43,WARRIORS SPEED POWER,249,NUR ALYA SOFEA BINTI MUHAMMAD HA...,yes,9 - 11 FTAEGEUK 1G2,B49,R,B47,B,,,,,,
1,POOMSAE CARNIVAL,Day1/POOMSAE CARNIVAL TM LIST.pdf,43,WARRIORS SPEED POWER,253,NUSAYBA IMAN AL HAZEN BINTI MOHA...,yes,9 - 11 FTAEGEUK 1G3,B54,B,B50,R,,,,,,
1,POOMSAE CARNIVAL,Day1/POOMSAE CARNIVAL TM LIST.pdf,43,WARRIORS SPEED POWER,263,Nabihah Humaira Binti Nurul Hazril,no,9 - 11 FTAEGEUK 1G5,B60,R,B57,B,,,,,,
1,POOMSAE CARNIVAL,Day1/POOMSAE CARNIVAL TM LIST.pdf,43,WARRIORS SPEED POWER,264,Nuryn Izara Luthfiyah Bt Zairie,no,9 - 11 FTAEGEUK 1G5,B60,B,B56,R,,,,,,
1,POOMSAE CARNIVAL,Day1/POOMSAE CARNIVAL TM LIST.pdf,43,WARRIORS SPEED POWER,265,NUR ERYNA HUSNA BINTI MUHAMMAD ...,yes,9 - 11 FTAEGEUK 1G6,B61,B,B58,R,,,,,,
1,POOMSAE CARNIVAL,Day1/POOMSAE CARNIVAL TM LIST.pdf,43,WARRIORS SPEED POWER,279,GRACE A/P LOREN,no,9 - 11 FTAEGEUK 3G3,B72,R,B69,B,,,,,,
1,POOMSAE CARNIVAL,Day1/POOMSAE CARNIVAL TM LIST.pdf,43,WARRIORS SPEED POWER,280,NUR ZARA HAFIYA BINTI JOHARI,no,9 - 11 FTAEGEUK 3G3,B72,B,B68,B,,,,,,
1,POOMSAE CARNIVAL,Day1/POOMSAE CARNIVAL TM LIST.pdf,43,WARRIORS SPEED POWER,281,MAKAYLA HAMANI IRDINA BINTI MOHD...,yes,9 - 11 FTAEGEUK 3G4,B73,B,B70,B,,,,,,
1,POOMSAE CARNIVAL,Day1/POOMSAE CARNIVAL TM LIST.pdf,43,WARRIORS SPEED POWER,301,AFRINA QAIREEN BINTI MAZLAN SHARIP,no,9 - 11 FTAEGEUK 3G9,B88,R,B85,B,,,,,,
1,POOMSAE CARNIVAL,Day1/POOMSAE CARNIVAL TM LIST.pdf,43,WARRIORS SPEED POWER,302,ALINA QISYA BINTI MAZLAN SHARIP,no,9 - 11 FTAEGEUK 3G9,B88,R,B85,R,,,,,,
1,POOMSAE CARNIVAL,Day1/POOMSAE CARNIVAL TM LIST.pdf,43,WARRIORS SPEED POWER,303,NAYLA ZAHRA Binti Muhammad Asri,no,9 - 11 FTAEGEUK 3G9,B88,B,B84,R,,,,,,
1,POOMSAE CARNIVAL,Day1/POOMSAE CARNIVAL TM LIST.pdf,43,WARRIORS SPEED POWER,338,NUR SAFFIYA MEDINA BT RUHDI,no,9 - 11 FTAEGEUK 5G9,B117,R,B114,B,,,,,,
1,POOMSAE CARNIVAL,Day1/POOMSAE CARNIVAL TM LIST.pdf,43,WARRIORS SPEED POWER,339,SITI MAHIRAH BINTI MOHAMAD ARIF,no,9 - 11 FTAEGEUK 5G9,B117,B,B113,R,,,,,,
1,POOMSAE CARNIVAL,Day1/POOMSAE CARNIVAL TM LIST.pdf,43,WARRIORS SPEED POWER,340,NUR RANIA FARISHA BINTI MOHD ROH...,yes,9 - 11 FTAEGEUK 5G9,B117,B,B113,B,,,,,,
1,POOMSAE CARNIVAL,Day1/POOMSAE CARNIVAL TM LIST.pdf,43,WARRIORS SPEED POWER,341,Nur hana Nadhira bt abdul hafizh,no,9 - 11 FTAEGEUK 5G10,B118,B,B115,B,,,,,,
1,POOMSAE CARNIVAL,Day1/POOMSAE CARNIVAL TM LIST.pdf,43,WARRIORS SPEED POWER,342,Nur Amalin Syafiqah Binti Mohd Hafizi,no,9 - 11 FTAEGEUK 5G10,B118,B,B115,R,,,,,,
1,POOMSAE CARNIVAL,Day1/POOMSAE CARNIVAL TM LIST.pdf,43,WARRIORS SPEED POWER,343,NUR IMAN BINTI MUHAMMAD AMINUDDIN,no,9 - 11 FTAEGEUK 5G10,B118,R,,,,,,,,
1,POOMSAE CARNIVAL,Day1/POOMSAE CARNIVAL TM LIST.pdf,43,WARRIORS SPEED POWER,344,Maryam Khadeejah Binti Abdul Rahman,no,9 - 11 FTAEGEUK 5G11,B119,B,B116,B,,,,,,
1,POOMSAE CARNIVAL,Day1/POOMSAE CARNIVAL TM LIST.pdf,43,WARRIORS SPEED POWER,345,Nur Rania Binti Mohamad Isa,no,9 - 11 FTAEGEUK 5G11,B119,R,,,,,,,,
1,POOMSAE CARNIVAL,Day1/POOMSAE CARNIVAL TM LIST.pdf,43,WARRIORS SPEED POWER,363,PUTRI NAFEESA BINTI TUN PERAK ADIP...,yes,9 - 11 FTAEGEUK 7G5,B136,B,B132,B,,,,,,
1,POOMSAE CARNIVAL,Day1/POOMSAE CARNIVAL TM LIST.pdf,43,WARRIORS SPEED POWER,384,Ameera Aisyah Binti Muhamad Arif.,no,9 - 11 FTAEGEUK 7G10,B151,R,B147,R,,,,,,
1,POOMSAE CARNIVAL,Day1/POOMSAE CARNIVAL TM LIST.pdf,43,WARRIORS SPEED POWER,385,NUR MEDINA BINTI MUHAMMAD AMINU...,yes,9 - 11 FTAEGEUK 7G10,B151,R,B147,B,,,,,,
1,POOMSAE CARNIVAL,Day1/POOMSAE CARNIVAL TM LIST.pdf,43,WARRIORS SPEED POWER,386,Fatima Rahadatul 'Aisy Binti Abdul Mu'min,no,9 - 11 FTAEGEUK 7G10,B151,B,B146,R,,,,,,
1,POOMSAE CARNIVAL,Day1/POOMSAE CARNIVAL TM LIST.pdf,43,WARRIORS SPEED POWER,387,Nur Najiha Addin Binti Zainul Azhar,no,9 - 11 FTAEGEUK 7G11,B152,R,B149,R,,,,,,
1,POOMSAE CARNIVAL,Day1/POOMSAE CARNIVAL TM LIST.pdf,43,WARRIORS SPEED POWER,404,Uwais bin Mohd Iqbal Firdaus,no,12 - 14 MTAEGEUK 1G2,C05,B,C03,B,,,,,,
1,POOMSAE CARNIVAL,Day1/POOMSAE CARNIVAL TM LIST.pdf,43,WARRIORS SPEED POWER,406,MUHAMMAD FARIS KHALEED BIN MOHD...,yes,12 - 14 MTAEGEUK 3,C18,R,C16,R,,,,,,
1,POOMSAE CARNIVAL,Day1/POOMSAE CARNIVAL TM LIST.pdf,43,WARRIORS SPEED POWER,411,MUHAMMAD SHAFIE SHAZWI BIN SHAH...,yes,12 - 14 MTAEGEUK 3G2,C19,B,C17,B,,,,,,
1,POOMSAE CARNIVAL,Day1/POOMSAE CARNIVAL TM LIST.pdf,43,WARRIORS SPEED POWER,415,muhammad amin thaqif bin mohd zaki,no,12 - 14 MTAEGEUK 5G2,C37,B,C35,B,,,,,,
1,POOMSAE CARNIVAL,Day1/POOMSAE CARNIVAL TM LIST.pdf,43,WARRIORS SPEED POWER,442,Mohamad Ammar Hafiz B. Mohamad Niz...,yes,12 - 14 MTAEGEUK 7G7,C76,B,C72,B,,,,,,
1,POOMSAE CARNIVAL,Day1/POOMSAE CARNIVAL TM LIST.pdf,43,WARRIORS SPEED POWER,443,Mohammad ammar darwyis bin md syawal,no,12 - 14 MTAEGEUK 7G7,C76,R,C73,R,,,,,,
1,POOMSAE CARNIVAL,Day1/POOMSAE CARNIVAL TM LIST.pdf,43,WARRIORS SPEED POWER,444,Aydin Ilyas bin Hisham,no,12 - 14 MTAEGEUK 7G7,C76,B,C72,R,,,,,,
1,POOMSAE CARNIVAL,Day1/POOMSAE CARNIVAL TM LIST.pdf,43,WARRIORS SPEED POWER,445,Salahuddin bin Veddin,no,12 - 14 MTAEGEUK 7G7,C76,R,C73,B,,,,,,
1,POOMSAE CARNIVAL,Day1/POOMSAE CARNIVAL TM LIST.pdf,43,WARRIORS SPEED POWER,473,Muhammad Ikram Muslimin bin Mohd M...,yes,15 - 17 MKORYOG4,C164,B,C160,R,,,,,,
1,POOMSAE CARNIVAL,Day1/POOMSAE CARNIVAL TM LIST.pdf,43,WARRIORS SPEED POWER,474,Muhammad Fadlin Amsyar Bin Yuzichairul,no,15 - 17 MKORYOG4,C164,R,,,,,,,,
1,POOMSAE CARNIVAL,Day1/POOMSAE CARNIVAL TM LIST.pdf,43,WARRIORS SPEED POWER,547,MUHAMMAD NAZIM ASYRAF BIN NASIR,no,9 - 11 MTAEGEUK 1G3,A47,R,A45,R,,,,,,
1,POOMSAE CARNIVAL,Day1/POOMSAE CARNIVAL TM LIST.pdf,44,WARRIORS SPEED POWER,554,ADAM RIFQI BIN EMY IZUAN,no,9 - 11 MTAEGEUK 1G4,A51,B,A48,B,,,,,,
1,POOMSAE CARNIVAL,Day1/POOMSAE CARNIVAL TM LIST.pdf,44,WARRIORS SPEED POWER,555,Adhwa Iskandar Yadiy bin Mohd Azhar,no,9 - 11 MTAEGEUK 1G5,A52,R,,,,,,,,
1,POOMSAE CARNIVAL,Day1/POOMSAE CARNIVAL TM LIST.pdf,44,WARRIORS SPEED POWER,564,MUHAMMAD AARON EIDLAN BIN MOHA...,yes,9 - 11 MTAEGEUK 3G2,A58,R,A56,B,,,,,,
1,POOMSAE CARNIVAL,Day1/POOMSAE CARNIVAL TM LIST.pdf,44,WARRIORS SPEED POWER,577,WAN UZAIR BIN WAN MOHD MAZNAN,no,9 - 11 MTAEGEUK 3G5,A69,B,A65,B,,,,,,
1,POOMSAE CARNIVAL,Day1/POOMSAE CARNIVAL TM LIST.pdf,44,WARRIORS SPEED POWER,578,Muhammad Ammar Harith bin Shahrul R...,yes,9 - 11 MTAEGEUK 3G6,A70,B,A67,B,,,,,,
1,POOMSAE CARNIVAL,Day1/POOMSAE CARNIVAL TM LIST.pdf,44,WARRIORS SPEED POWER,579,MUHAMMAD ANIQ FAHIM BIN MOHAMM...,yes,9 - 11 MTAEGEUK 3G6,A70,B,A67,R,,,,,,
1,POOMSAE CARNIVAL,Day1/POOMSAE CARNIVAL TM LIST.pdf,44,WARRIORS SPEED POWER,580,Muhammad Hazim bin Mohd Helmizalman,no,9 - 11 MTAEGEUK 3G6,A70,R,A68,B,,,,,,
1,POOMSAE CARNIVAL,Day1/POOMSAE CARNIVAL TM LIST.pdf,44,WARRIORS SPEED POWER,597,Muhammad Aryan Darwisy bin Azlan,no,9 - 11 MTAEGEUK 5G4,A82,R,A80,R,,,,,,
1,POOMSAE CARNIVAL,Day1/POOMSAE CARNIVAL TM LIST.pdf,44,WARRIORS SPEED POWER,598,MUHAMMAD FAWWAZ BIN MUHAMMAD ...,yes,9 - 11 MTAEGEUK 5G5,A88,B,A83,R,,,,,,
1,POOMSAE CARNIVAL,Day1/POOMSAE CARNIVAL TM LIST.pdf,44,WARRIORS SPEED POWER,599,Muhammad Absyar Zayyan bin Muham...,yes,9 - 11 MTAEGEUK 5G5,A88,R,A84,B,,,,,,
1,POOMSAE CARNIVAL,Day1/POOMSAE CARNIVAL TM LIST.pdf,44,WARRIORS SPEED POWER,600,Muhammad Ian Harith bin Abdullah,no,9 - 11 MTAEGEUK 5G5,A88,R,A84,R,,,,,,
1,POOMSAE CARNIVAL,Day1/POOMSAE CARNIVAL TM LIST.pdf,44,WARRIORS SPEED POWER,601,MUHAMMAD AQMAL RIZQIN AZYZE BIN ...,yes,9 - 11 MTAEGEUK 5G5,A88,B,A83,B,,,,,,
1,POOMSAE CARNIVAL,Day1/POOMSAE CARNIVAL TM LIST.pdf,44,WARRIORS SPEED POWER,602,Muhammad Adam Hariz Bin Mohd Hazwan,no,9 - 11 MTAEGEUK 5G6,A89,R,A86,R,,,,,,
1,POOMSAE CARNIVAL,Day1/POOMSAE CARNIVAL TM LIST.pdf,44,WARRIORS SPEED POWER,603,Wan Zulziyad Ukail bin Wan Zulzaireen I...,yes,9 - 11 MTAEGEUK 5G6,A89,B,A85,R,,,,,,
1,POOMSAE CARNIVAL,Day1/POOMSAE CARNIVAL TM LIST.pdf,44,WARRIORS SPEED POWER,604,UWAIS BIN NAWAWI,no,9 - 11 MTAEGEUK 5G6,A89,R,A86,B,,,,,,
1,POOMSAE CARNIVAL,Day1/POOMSAE CARNIVAL TM LIST.pdf,44,WARRIORS SPEED POWER,606,MUHAMMAD ADAM MIKAIL BIN AHMAD ...,yes,9 - 11 MTAEGEUK 5G7,A90,B,A87,B,,,,,,
1,POOMSAE CARNIVAL,Day1/POOMSAE CARNIVAL TM LIST.pdf,44,WARRIORS SPEED POWER,641,Jasper Joel Joshua,no,9 - 11 MTAEGEUK 7G9,A117,R,A114,R,,,,,,
1,POOMSAE CARNIVAL,Day1/POOMSAE CARNIVAL TM LIST.pdf,44,WARRIORS SPEED POWER,642,Muhammad Harith Emran Bin Muhamad ...,yes,9 - 11 MTAEGEUK 7G9,A117,B,A113,B,,,,,,
1,POOMSAE CARNIVAL,Day1/POOMSAE CARNIVAL TM LIST.pdf,44,WARRIORS SPEED POWER,643,Umar Fatih bin Muhammad Rahmat,no,9 - 11 MTAEGEUK 7G9,A117,B,A113,R,,,,,,
1,POOMSAE CARNIVAL,Day1/POOMSAE CARNIVAL TM LIST.pdf,44,WARRIORS SPEED POWER,644,Muhammad Ammar Bin Khairul Anwar,no,9 - 11 MTAEGEUK 7G9,A117,R,A114,B,,,,,,
1,POOMSAE CARNIVAL,Day1/POOMSAE CARNIVAL TM LIST.pdf,45,Wira MAS Perak,223,Nur Naura Aleesya Bt Mohd Johari,no,6 - 8 FTAEGEUK 3G3,B31,B,B27,B,,,,,,
1,VIRTUAL DAY 1,Day1/VIRTUAL DAY 1 TM LIST.pdf,1,BEAUFORT TEAKWONDO CLUB,158,AHMAD FITRI BIN MOHD FAUZI,no,12 - 14 MYG2,J11,R,,,,,,,,
1,VIRTUAL DAY 1,Day1/VIRTUAL DAY 1 TM LIST.pdf,2,BTFC Taekwondo Club,137,ISAAC LEONARDUS HASHIMI BIN RAFFI...,yes,12 - 14 MBR,J21,B,J16,R,,,,,,
1,VIRTUAL DAY 1,Day1/VIRTUAL DAY 1 TM LIST.pdf,2,BTFC Taekwondo Club,198,EMIR ALFIAN,no,8 - 9 MYG3,I11,R,I08,R,,,,,,
1,VIRTUAL DAY 1,Day1/VIRTUAL DAY 1 TM LIST.pdf,3,CLUB TAEKWONDO TNTs,187,SOORRUBEN S.MOHANARAJ,no,8 - 9 MBR3,I40,B,I37,B,,,,,,
1,VIRTUAL DAY 1,Day1/VIRTUAL DAY 1 TM LIST.pdf,4,Club Taekwondo Roza,149,Darrel Iskandar Bin Erwan Shah,no,12 - 14 MPB,J40,B,J35,B,,,,,,
1,VIRTUAL DAY 1,Day1/VIRTUAL DAY 1 TM LIST.pdf,5,Fighter taekwondo club,048,Saidatul Irdina Binti Syahrizal,no,12 - 14 FBR3,J31,R,,,,,,,,
1,VIRTUAL DAY 1,Day1/VIRTUAL DAY 1 TM LIST.pdf,6,KELAB IMPERIAL BG,053,NUR ALMIRA QASRINA BINTI HILMI,no,12 - 14 FPB2,J39,B,J34,R,,,,,,
1,VIRTUAL DAY 1,Day1/VIRTUAL DAY 1 TM LIST.pdf,6,KELAB IMPERIAL BG,054,NUR RAISHA QAISARA BINTI HILMI,no,12 - 14 FPB2,J39,R,,,,,,,,
1,VIRTUAL DAY 1,Day1/VIRTUAL DAY 1 TM LIST.pdf,7,KELAB TAEKWONDO KERAMAT,087,EIMAN AALIYA BINTI MOHAMMAD AZWAN,no,8 - 9 FYG,I26,R,I23,R,,,,,,
1,VIRTUAL DAY 1,Day1/VIRTUAL DAY 1 TM LIST.pdf,7,KELAB TAEKWONDO KERAMAT,134,ADAM BIN RIZZAL,no,12 - 14 MBR,J21,R,J17,R,,,,,,
1,VIRTUAL DAY 1,Day1/VIRTUAL DAY 1 TM LIST.pdf,7,KELAB TAEKWONDO KERAMAT,156,MOHAMMAD ZAFRI SYAHMI BIN M. ZAIDI,no,12 - 14 MYG,J10,B,J09,B,,,,,,
1,VIRTUAL DAY 1,Day1/VIRTUAL DAY 1 TM LIST.pdf,7,KELAB TAEKWONDO KERAMAT,214,SHERIYZ BIN SHAUKAT FAROOK,no,8 - 9 MYG7,I21,B,I17,B,,,,,,
1,VIRTUAL DAY 1,Day1/VIRTUAL DAY 1 TM LIST.pdf,8,KELAB TAEKWONDO YIKANG BIDOR,135,ANGUS CHONG CHIE JIE,no,12 - 14 MBR,J21,R,J17,B,,,,,,
1,VIRTUAL DAY 1,Day1/VIRTUAL DAY 1 TM LIST.pdf,8,KELAB TAEKWONDO YIKANG BIDOR,136,U WINN SAM,no,12 - 14 MBR,J21,B,J16,B,,,,,,
1,VIRTUAL DAY 1,Day1/VIRTUAL DAY 1 TM LIST.pdf,8,KELAB TAEKWONDO YIKANG BIDOR,193,DYLAN TONG YONG XUAN,no,8 - 9 MYG2,I06,R,I04,B,,,,,,
1,VIRTUAL DAY 1,Day1/VIRTUAL DAY 1 TM LIST.pdf,8,KELAB TAEKWONDO YIKANG BIDOR,194,NOAH ISKANDAR BIN MOHD HAFIZUDIN,no,8 - 9 MYG2,I06,B,I03,R,,,,,,
1,VIRTUAL DAY 1,Day1/VIRTUAL DAY 1 TM LIST.pdf,9,KELAB TAEKWONDO YIKANG BOTANI,151,SHU ZI XUAN,no,12 - 14 MPB2,J41,B,J37,R,,,,,,
1,VIRTUAL DAY 1,Day1/VIRTUAL DAY 1 TM LIST.pdf,10,Kelab Beyond Taekwondo Nilai,189,Pravvin a/l Prakash,no,8 - 9 MYG,I05,R,I02,B,,,,,,
1,VIRTUAL DAY 1,Day1/VIRTUAL DAY 1 TM LIST.pdf,10,Kelab Beyond Taekwondo Nilai,190,LACCSHAN A/L YOGISSWARAN,no,8 - 9 MYG,I05,B,I01,R,,,,,,
1,VIRTUAL DAY 1,Day1/VIRTUAL DAY 1 TM LIST.pdf,10,Kelab Beyond Taekwondo Nilai,191,VIBISHAN A/L YOGISSWARAN,no,8 - 9 MYG,I05,B,I01,B,,,,,,
1,VIRTUAL DAY 1,Day1/VIRTUAL DAY 1 TM LIST.pdf,11,Kelab Taekwondo Yikang (Bercham),152,YEOW JOO HANG,no,12 - 14 MPB2,J41,R,,,,,,,,
1,VIRTUAL DAY 1,Day1/VIRTUAL DAY 1 TM LIST.pdf,11,Kelab Taekwondo Yikang (Bercham),205,MUHAMMAD NAUFAL BIN FIRDAUS AZH...,yes,8 - 9 MYG5,I19,B,I13,R,,,,,,
1,VIRTUAL DAY 1,Day1/VIRTUAL DAY 1 TM LIST.pdf,11,Kelab Taekwondo Yikang (Bercham),206,YEOW JOO LENG,no,8 - 9 MYG5,I19,R,I14,R,,,,,,
1,VIRTUAL DAY 1,Day1/VIRTUAL DAY 1 TM LIST.pdf,12,MAC TAEKWONDO CLUB,185,SHAID MOHAMAD SYAFIQ BIN SHAHRU...,yes,8 - 9 MBR3,I40,B,I37,R,,,,,,
1,VIRTUAL DAY 1,Day1/VIRTUAL DAY 1 TM LIST.pdf,12,MAC TAEKWONDO CLUB,186,MUHAMMAD ARSYAD BIN ABDUL MUNIR,no,8 - 9 MPB,J08,R,,,,,,,,
1,VIRTUAL DAY 1,Day1/VIRTUAL DAY 1 TM LIST.pdf,13,MACTS,046,Hani arissa bt mohd hafiz,no,12 - 14 FBR3,J31,B,J28,B,,,,,,
1,VIRTUAL DAY 1,Day1/VIRTUAL DAY 1 TM LIST.pdf,14,MATSA TAEKWONDO CLUB,138,Muhammad Aizat Syamiim B Mohamad I...,yes,12 - 14 MBR2,J22,R,,,,,,,,
1,VIRTUAL DAY 1,Day1/VIRTUAL DAY 1 TM LIST.pdf,15,POWER KEDAH,055,Ainul Mardhiah Binti Amer Isyraqi,no,12 - 14 FPB2,J39,B,J34,B,,,,,,
1,VIRTUAL DAY 1,Day1/VIRTUAL DAY 1 TM LIST.pdf,15,POWER KEDAH,060,PUTRI NOR ZULAIQHA BINTI MOHAMED...,yes,12 - 14 FYG2,J15,R,,,,,,,,
1,VIRTUAL DAY 1,Day1/VIRTUAL DAY 1 TM LIST.pdf,15,POWER KEDAH,061,NUR NADIA ARISSYA BINTI RAMIZAN,no,12 - 14 FYG2,J15,B,J13,R,,,,,,
1,VIRTUAL DAY 1,Day1/VIRTUAL DAY 1 TM LIST.pdf,15,POWER KEDAH,157,AHMAD IHSAN BIN AB HAMID,no,12 - 14 MYG2,J11,B,,,,,,,,
1,VIRTUAL DAY 1,Day1/VIRTUAL DAY 1 TM LIST.pdf,15,POWER KEDAH,192,Navyan,no,8 - 9 MYG,I05,R,I02,R,,,,,,
1,VIRTUAL DAY 1,Day1/VIRTUAL DAY 1 TM LIST.pdf,16,Pearl Taekwondo Club,216,Muhammad Faqih bin Md Saifullah,no,8 - 9 MYG7,I21,R,I18,B,,,,,,
1,VIRTUAL DAY 1,Day1/VIRTUAL DAY 1 TM LIST.pdf,17,RSB TAEKWONDO CLUB,039,RABI'ATUL ADAWIYAH BINTI MOHD RID...,yes,12 - 14 FBR,J29,R,,,,,,,,
1,VIRTUAL DAY 1,Day1/VIRTUAL DAY 1 TM LIST.pdf,17,RSB TAEKWONDO CLUB,040,NUR ALYA DARWISYAH BT AMIR ADAM,no,12 - 14 FBR,J29,B,J25,R,,,,,,
1,VIRTUAL DAY 1,Day1/VIRTUAL DAY 1 TM LIST.pdf,17,RSB TAEKWONDO CLUB,041,NUR RAIHANAH BINTI ABDULLAH,no,12 - 14 FBR,J29,B,J25,B,,,,,,
1,VIRTUAL DAY 1,Day1/VIRTUAL DAY 1 TM LIST.pdf,17,RSB TAEKWONDO CLUB,043,LU YI NING,no,12 - 14 FBR2,J30,B,J27,R,,,,,,
1,VIRTUAL DAY 1,Day1/VIRTUAL DAY 1 TM LIST.pdf,17,RSB TAEKWONDO CLUB,044,MIA IRIS AMANDA BINTI MIOR MOHD S...,yes,12 - 14 FBR2,J30,R,,,,,,,,
1,VIRTUAL DAY 1,Day1/VIRTUAL DAY 1 TM LIST.pdf,17,RSB TAEKWONDO CLUB,045,NUR AINA SAFIYYAH BINTI HISHAM,no,12 - 14 FBR2,J30,B,J27,B,,,,,,
1,VIRTUAL DAY 1,Day1/VIRTUAL DAY 1 TM LIST.pdf,17,RSB TAEKWONDO CLUB,047,Nur Sofia Husna bt Anuar,no,12 - 14 FBR3,J31,B,J28,R,,,,,,
1,VIRTUAL DAY 1,Day1/VIRTUAL DAY 1 TM LIST.pdf,17,RSB TAEKWONDO CLUB,049,NUR QIESYA QAIREEN BINTI MOHD SH...,yes,12 - 14 FPB,J38,R,J33,R,,,,,,
1,VIRTUAL DAY 1,Day1/VIRTUAL DAY 1 TM LIST.pdf,17,RSB TAEKWONDO CLUB,050,NUR INSYIRAH SYAFIQAH BINTI MOHD ...,yes,12 - 14 FPB,J38,B,J32,B,,,,,,
1,VIRTUAL DAY 1,Day1/VIRTUAL DAY 1 TM LIST.pdf,17,RSB TAEKWONDO CLUB,051,QAIRA NUR QASRINA BINTI QUSAIRI,no,12 - 14 FPB,J38,B,J32,R,,,,,,
1,VIRTUAL DAY 1,Day1/VIRTUAL DAY 1 TM LIST.pdf,17,RSB TAEKWONDO CLUB,052,JOYLYN KOK YU HAN,no,12 - 14 FPB,J38,R,J33,B,,,,,,
1,VIRTUAL DAY 1,Day1/VIRTUAL DAY 1 TM LIST.pdf,17,RSB TAEKWONDO CLUB,056,NUR AUFA INSYIRAH BINTI MOHD NUR ...,yes,12 - 14 FYG,J14,B,J12,B,,,,,,
1,VIRTUAL DAY 1,Day1/VIRTUAL DAY 1 TM LIST.pdf,17,RSB TAEKWONDO CLUB,057,IVY CHIN HUI ENG,no,12 - 14 FYG,J14,R,,,,,,,,
1,VIRTUAL DAY 1,Day1/VIRTUAL DAY 1 TM LIST.pdf,17,RSB TAEKWONDO CLUB,058,PUTRI MAWAR RAUDHAH BINTI PUTRA ...,yes,12 - 14 FYG,J14,B,J12,R,,,,,,
1,VIRTUAL DAY 1,Day1/VIRTUAL DAY 1 TM LIST.pdf,17,RSB TAEKWONDO CLUB,059,SHAKIRA ARIANA BINTI ADZMEN,no,12 - 14 FYG2,J15,B,J13,B,,,,,,
1,VIRTUAL DAY 1,Day1/VIRTUAL DAY 1 TM LIST.pdf,17,RSB TAEKWONDO CLUB,077,AURORA SOFIA BINTI AHMAD FAIZAL,no,8 - 9 FBR,J05,B,J01,B,,,,,,
1,VIRTUAL DAY 1,Day1/VIRTUAL DAY 1 TM LIST.pdf,17,RSB TAEKWONDO CLUB,078,KAYALVILI A/P MURUGHAN,no,8 - 9 FBR,J05,R,J02,R,,,,,,
1,VIRTUAL DAY 1,Day1/VIRTUAL DAY 1 TM LIST.pdf,17,RSB TAEKWONDO CLUB,079,ALYAH IMANIE BINTI MOHD JHAZNARUL,no,8 - 9 FBR,J05,B,J01,R,,,,,,
1,VIRTUAL DAY 1,Day1/VIRTUAL DAY 1 TM LIST.pdf,17,RSB TAEKWONDO CLUB,080,NUR ZAHIRAH BINTI MOHD ZAIHAN,no,8 - 9 FBR,J05,R,J02,B,,,,,,
1,VIRTUAL DAY 1,Day1/VIRTUAL DAY 1 TM LIST.pdf,17,RSB TAEKWONDO CLUB,081,WAN ADREENA ASHALINA BINTI MEOR ...,yes,8 - 9 FBR2,J06,B,J03,R,,,,,,
1,VIRTUAL DAY 1,Day1/VIRTUAL DAY 1 TM LIST.pdf,17,RSB TAEKWONDO CLUB,082,TAN KAI QING,no,8 - 9 FBR2,J06,R,,,,,,,,
1,VIRTUAL DAY 1,Day1/VIRTUAL DAY 1 TM LIST.pdf,17,RSB TAEKWONDO CLUB,083,JOSEPHINE GUOK EN TONG,no,8 - 9 FBR2,J06,B,J03,B,,,,,,
1,VIRTUAL DAY 1,Day1/VIRTUAL DAY 1 TM LIST.pdf,17,RSB TAEKWONDO CLUB,084,NURHAFIZAH BINTI ASMUNI,no,8 - 9 FBR3,J07,B,J04,B,,,,,,
1,VIRTUAL DAY 1,Day1/VIRTUAL DAY 1 TM LIST.pdf,17,RSB TAEKWONDO CLUB,085,SAFIYYA MEDINA BT SHAIFUL NIZAM,no,8 - 9 FBR3,J07,R,,,,,,,,
1,VIRTUAL DAY 1,Day1/VIRTUAL DAY 1 TM LIST.pdf,17,RSB TAEKWONDO CLUB,086,DELPHINA ANDRINA CUBINAR,no,8 - 9 FBR3,J07,B,J04,R,,,,,,
1,VIRTUAL DAY 1,Day1/VIRTUAL DAY 1 TM LIST.pdf,17,RSB TAEKWONDO CLUB,088,SHAHRI NAWRYN FAQEEHA BINTI SHAH...,yes,8 - 9 FYG,I26,B,I22,B,,,,,,
1,VIRTUAL DAY 1,Day1/VIRTUAL DAY 1 TM LIST.pdf,17,RSB TAEKWONDO CLUB,089,NUR ARWARY BINTI MOHD AZNAL,no,8 - 9 FYG,I26,B,I22,R,,,,,,
1,VIRTUAL DAY 1,Day1/VIRTUAL DAY 1 TM LIST.pdf,17,RSB TAEKWONDO CLUB,090,NUR AZRA UMAYRA BINTI MOHD NUR A...,yes,8 - 9 FYG,I26,R,I23,B,,,,,,
1,VIRTUAL DAY 1,Day1/VIRTUAL DAY 1 TM LIST.pdf,17,RSB TAEKWONDO CLUB,091,YOGITHAA A/P HARI DASS,no,8 - 9 FYG2,I27,R,I25,R,,,,,,
1,VIRTUAL DAY 1,Day1/VIRTUAL DAY 1 TM LIST.pdf,17,RSB TAEKWONDO CLUB,092,HANNAH MALEEKA BINTI IBRAHIM,no,8 - 9 FYG2,I27,B,I24,B,,,,,,
1,VIRTUAL DAY 1,Day1/VIRTUAL DAY 1 TM LIST.pdf,17,RSB TAEKWONDO CLUB,093,QAIREEN ULFAH BINTI MUHAMMAD FARIS,no,8 - 9 FYG2,I27,B,I24,R,,,,,,
1,VIRTUAL DAY 1,Day1/VIRTUAL DAY 1 TM LIST.pdf,17,RSB TAEKWONDO CLUB,094,AURA NUR SYIFA BINTI MUHAMMAD AZ...,yes,8 - 9 FYG2,I27,R,I25,B,,,,,,
1,VIRTUAL DAY 1,Day1/VIRTUAL DAY 1 TM LIST.pdf,17,RSB TAEKWONDO CLUB,095,IRENE CHIN HUI LIN,no,8 - 9 FYG3,I31,B,I28,B,,,,,,
1,VIRTUAL DAY 1,Day1/VIRTUAL DAY 1 TM LIST.pdf,17,RSB TAEKWONDO CLUB,096,HUMAIRA NURJANNAH BINTI SHAHARU...,yes,8 - 9 FYG3,I31,R,I29,R,,,,,,
1,VIRTUAL DAY 1,Day1/VIRTUAL DAY 1 TM LIST.pdf,17,RSB TAEKWONDO CLUB,097,AISYAH HUMAIRA BINTI ABDUL RAHIM,no,8 - 9 FYG3,I31,B,I28,R,,,,,,
1,VIRTUAL DAY 1,Day1/VIRTUAL DAY 1 TM LIST.pdf,17,RSB TAEKWONDO CLUB,098,SYARIFAH HANNAN MYSARRA BT SYED ...,yes,8 - 9 FYG3,I31,R,I29,B,,,,,,
1,VIRTUAL DAY 1,Day1/VIRTUAL DAY 1 TM LIST.pdf,17,RSB TAEKWONDO CLUB,099,NURFARHAINI IMANI BINTI MOHD FAZIL,no,8 - 9 FYG4,I32,B,I30,B,,,,,,
1,VIRTUAL DAY 1,Day1/VIRTUAL DAY 1 TM LIST.pdf,18,RSB TAEKWONDO CLUB,100,NURQASEH AAIRA MUSFIRAH BINTI MO...,yes,8 - 9 FYG4,I32,R,,,,,,,,
1,VIRTUAL DAY 1,Day1/VIRTUAL DAY 1 TM LIST.pdf,18,RSB TAEKWONDO CLUB,101,SAJNAH THANGARAJA,no,8 - 9 FYG4,I32,B,I30,R,,,,,,
1,VIRTUAL DAY 1,Day1/VIRTUAL DAY 1 TM LIST.pdf,18,RSB TAEKWONDO CLUB,139,MUHAMMAD IRFAN AZARI BIN MOHD H...,yes,12 - 14 MBR2,J22,B,,,,,,,,
1,VIRTUAL DAY 1,Day1/VIRTUAL DAY 1 TM LIST.pdf,18,RSB TAEKWONDO CLUB,141,MUHAMMAD AFHAM BIN NOR HELMI,no,12 - 14 MBR3,J23,B,J19,B,,,,,,
1,VIRTUAL DAY 1,Day1/VIRTUAL DAY 1 TM LIST.pdf,18,RSB TAEKWONDO CLUB,142,LING JUN YUAN,no,12 - 14 MBR3,J23,R,,,,,,,,
1,VIRTUAL DAY 1,Day1/VIRTUAL DAY 1 TM LIST.pdf,18,RSB TAEKWONDO CLUB,143,DING SHI YUAN,no,12 - 14 MBR3,J23,B,J19,R,,,,,,
1,VIRTUAL DAY 1,Day1/VIRTUAL DAY 1 TM LIST.pdf,18,RSB TAEKWONDO CLUB,144,JAYDEN TONY,no,12 - 14 MBR4,J24,B,J20,R,,,,,,
1,VIRTUAL DAY 1,Day1/VIRTUAL DAY 1 TM LIST.pdf,18,RSB TAEKWONDO CLUB,145,MUHAMMAD FIRAS AYMAN BIN MOHD A...,yes,12 - 14 MBR4,J24,R,,,,,,,,
1,VIRTUAL DAY 1,Day1/VIRTUAL DAY 1 TM LIST.pdf,18,RSB TAEKWONDO CLUB,146,FA'IZ ISKANDAR BIN IZHAM FIRDAUS,no,12 - 14 MBR4,J24,B,J20,B,,,,,,
1,VIRTUAL DAY 1,Day1/VIRTUAL DAY 1 TM LIST.pdf,18,RSB TAEKWONDO CLUB,147,WAN MUHAMMAD NAQIB IZDIHAR BIN ...,yes,12 - 14 MPB,J40,R,J36,R,,,,,,
1,VIRTUAL DAY 1,Day1/VIRTUAL DAY 1 TM LIST.pdf,18,RSB TAEKWONDO CLUB,148,JOSEPH GUOK JUN JE,no,12 - 14 MPB,J40,R,J36,B,,,,,,
1,VIRTUAL DAY 1,Day1/VIRTUAL DAY 1 TM LIST.pdf,18,RSB TAEKWONDO CLUB,150,MUHAMMAD MUIZZUDIN BIN AHMAD RI...,yes,12 - 14 MPB,J40,B,J35,R,,,,,,
1,VIRTUAL DAY 1,Day1/VIRTUAL DAY 1 TM LIST.pdf,18,RSB TAEKWONDO CLUB,153,MUHAMMAD RAYYAN IKRAM BIN RHOM...,yes,12 - 14 MPB2,J41,B,J37,B,,,,,,
1,VIRTUAL DAY 1,Day1/VIRTUAL DAY 1 TM LIST.pdf,18,RSB TAEKWONDO CLUB,154,MUHAMMAD AISH RIZQI BIN AHMAD N...,yes,12 - 14 MYG,J10,R,,,,,,,,
1,VIRTUAL DAY 1,Day1/VIRTUAL DAY 1 TM LIST.pdf,18,RSB TAEKWONDO CLUB,155,MUHAMMAD AHNAF DARWISY BIN KHAI...,yes,12 - 14 MYG,J10,B,J09,R,,,,,,
1,VIRTUAL DAY 1,Day1/VIRTUAL DAY 1 TM LIST.pdf,18,RSB TAEKWONDO CLUB,176,KARTIKEYAN A/L MURUGHAN,no,8 - 9 MBR,I38,R,I34,R,,,,,,
1,VIRTUAL DAY 1,Day1/VIRTUAL DAY 1 TM LIST.pdf,18,RSB TAEKWONDO CLUB,177,KU AHMAD AL AARIZ BIN KU AZHAN,no,8 - 9 MBR,I38,R,I34,B,,,,,,
1,VIRTUAL DAY 1,Day1/VIRTUAL DAY 1 TM LIST.pdf,18,RSB TAEKWONDO CLUB,178,AYMAN IBRAHIM BIN IMRAN SHAFRIE,no,8 - 9 MBR,I38,B,I33,R,,,,,,
1,VIRTUAL DAY 1,Day1/VIRTUAL DAY 1 TM LIST.pdf,18,RSB TAEKWONDO CLUB,179,CHANG YAN BIN,no,8 - 9 MBR,I38,B,I33,B,,,,,,
1,VIRTUAL DAY 1,Day1/VIRTUAL DAY 1 TM LIST.pdf,18,RSB TAEKWONDO CLUB,180,DING SHI CHENG,no,8 - 9 MBR2,I39,B,I35,R,,,,,,
1,VIRTUAL DAY 1,Day1/VIRTUAL DAY 1 TM LIST.pdf,18,RSB TAEKWONDO CLUB,181,KHO KAI JIE,no,8 - 9 MBR2,I39,B,I35,B,,,,,,
1,VIRTUAL DAY 1,Day1/VIRTUAL DAY 1 TM LIST.pdf,18,RSB TAEKWONDO CLUB,182,MUHAMMAD ZIYAD TAJ BIN MOHD ZUL...,yes,8 - 9 MBR2,I39,R,I36,R,,,,,,
1,VIRTUAL DAY 1,Day1/VIRTUAL DAY 1 TM LIST.pdf,18,RSB TAEKWONDO CLUB,183,FIRAS LUKMAN BIN FAWAZULFAZLI,no,8 - 9 MBR2,I39,R,I36,B,,,,,,
1,VIRTUAL DAY 1,Day1/VIRTUAL DAY 1 TM LIST.pdf,18,RSB TAEKWONDO CLUB,184,MUHAMMAD QARIZH IMAN BIN MOHAM...,yes,8 - 9 MBR3,I40,R,,,,,,,,
1,VIRTUAL DAY 1,Day1/VIRTUAL DAY 1 TM LIST.pdf,18,RSB TAEKWONDO CLUB,188,MUHAMMAD RAZIQ HANAN BIN ABDUL ...,yes,8 - 9 MPB,J08,B,,,,,,,,
1,VIRTUAL DAY 1,Day1/VIRTUAL DAY 1 TM LIST.pdf,18,RSB TAEKWONDO CLUB,196,MUHAMMAD ALEXANDER ZULKARNAIN ...,yes,8 - 9 MYG2,I06,R,I04,R,,,,,,
1,VIRTUAL DAY 1,Day1/VIRTUAL DAY 1 TM LIST.pdf,18,RSB TAEKWONDO CLUB,197,AYDEN AZRAQY BIN KAMAL AMBIA,no,8 - 9 MYG3,I11,B,I07,R,,,,,,
1,VIRTUAL DAY 1,Day1/VIRTUAL DAY 1 TM LIST.pdf,18,RSB TAEKWONDO CLUB,199,SAMRATHJIT SINGH A/L TALVINDERJIT ...,yes,8 - 9 MYG3,I11,B,I07,B,,,,,,
1,VIRTUAL DAY 1,Day1/VIRTUAL DAY 1 TM LIST.pdf,18,RSB TAEKWONDO CLUB,200,MOHAMAD HAYQAL NAAIL BIN MOHAMA...,yes,8 - 9 MYG3,I11,R,I08,B,,,,,,
1,VIRTUAL DAY 1,Day1/VIRTUAL DAY 1 TM LIST.pdf,18,RSB TAEKWONDO CLUB,201,ILHAN FATIH BIN MOHD MUZAMMIL,no,8 - 9 MYG4,I12,B,I09,R,,,,,,
1,VIRTUAL DAY 1,Day1/VIRTUAL DAY 1 TM LIST.pdf,18,RSB TAEKWONDO CLUB,202,EZKANDAR RAYYAN BIN MOHD REDZWAN,no,8 - 9 MYG4,I12,R,I10,R,,,,,,
1,VIRTUAL DAY 1,Day1/VIRTUAL DAY 1 TM LIST.pdf,18,RSB TAEKWONDO CLUB,203,MOHAMMAD HANIFF BIN MOHAMMAD A...,yes,8 - 9 MYG4,I12,B,I09,B,,,,,,
1,VIRTUAL DAY 1,Day1/VIRTUAL DAY 1 TM LIST.pdf,18,RSB TAEKWONDO CLUB,204,MUHAMMAD ADAM NAUFAL BIN AZZAH...,yes,8 - 9 MYG4,I12,R,I10,B,,,,,,
1,VIRTUAL DAY 1,Day1/VIRTUAL DAY 1 TM LIST.pdf,18,RSB TAEKWONDO CLUB,207,GOH CHOON TACK,no,8 - 9 MYG5,I19,R,I14,B,,,,,,
1,VIRTUAL DAY 1,Day1/VIRTUAL DAY 1 TM LIST.pdf,18,RSB TAEKWONDO CLUB,208,HING ZENG XIN,no,8 - 9 MYG5,I19,B,I13,B,,,,,,
1,VIRTUAL DAY 1,Day1/VIRTUAL DAY 1 TM LIST.pdf,18,RSB TAEKWONDO CLUB,209,SYED MUHAMMAD DARRIS BIN SYED M...,yes,8 - 9 MYG6,I20,B,I15,B,,,,,,
1,VIRTUAL DAY 1,Day1/VIRTUAL DAY 1 TM LIST.pdf,18,RSB TAEKWONDO CLUB,210,MOHAMAD SAIFULLAH BIN MOHAMAD S...,yes,8 - 9 MYG6,I20,R,I16,R,,,,,,
1,VIRTUAL DAY 1,Day1/VIRTUAL DAY 1 TM LIST.pdf,19,RSB TAEKWONDO CLUB,211,MUHAMMAD AAKIF AL RAYYAN BIN MO...,yes,8 - 9 MYG6,I20,B,I15,R,,,,,,
1,VIRTUAL DAY 1,Day1/VIRTUAL DAY 1 TM LIST.pdf,19,RSB TAEKWONDO CLUB,212,MUHAMMAD DANISH BIN MOHD ROSHIDI,no,8 - 9 MYG6,I20,R,I16,B,,,,,,
1,VIRTUAL DAY 1,Day1/VIRTUAL DAY 1 TM LIST.pdf,19,RSB TAEKWONDO CLUB,213,SYAHIR SHAH BIN SAHRIL,no,8 - 9 MYG7,I21,B,I17,R,,,,,,
1,VIRTUAL DAY 1,Day1/VIRTUAL DAY 1 TM LIST.pdf,19,RSB TAEKWONDO CLUB,215,UMAR BIN AIMAN,no,8 - 9 MYG7,I21,R,I18,R,,,,,,
1,VIRTUAL DAY 1,Day1/VIRTUAL DAY 1 TM LIST.pdf,20,RTS TAEKWONDO CLUB AMIERA,195,Daiyan Afi bin Muhammad Hafiz,no,8 - 9 MYG2,I06,B,I03,B,,,,,,
